,backend,basis_gate,q1,q2,error
0,ibm_kyiv,ecr,96,95.0,0.0067066442905555634
1,ibm_kyiv,ecr,67,68.0,0.013164687286980115
2,ibm_kyiv,ecr,108,112.0,0.016894840846660708
3,ibm_kyiv,ecr,17,12.0,0.04129428702780691
4,ibm_kyiv,ecr,8,9.0,1.0
5,ibm_kyiv,ecr,40,41.0,0.008428169590523282
6,ibm_kyiv,ecr,19,18.0,0.0139688005832177
7,ibm_kyiv,ecr,0,14.0,0.005849494001740174
8,ibm_kyiv,ecr,17,30.0,0.03562206467476342
9,ibm_kyiv,ecr,91,98.0,0.010770845254416739
10,ibm_kyiv,ecr,100,110.0,0.015804117571009968
11,ibm_kyiv,ecr,33,20.0,0.01393252747707796
12,ibm_kyiv,ecr,75,90.0,0.005223075410638545
13,ibm_kyiv,ecr,96,97.0,0.01137667166384665
14,ibm_kyiv,ecr,42,41.0,0.005604546996654913
15,ibm_kyiv,ecr,107,106.0,0.013575806798154955
16,ibm_kyiv,ecr,103,102.0,0.004775305452459688
17,ibm_kyiv,ecr,48,47.0,0.022547657016673883
18,ibm_kyiv,ecr,85,84.0,0.01115551514880736
19,ibm_kyiv,ecr,26,16.0,0.011874988487868166
20,ibm_kyiv,ecr,35,28.0,0.011699648876863922
21,ibm_kyiv,ecr,26,25.0,0.05115049901862245
22,ibm_kyiv,ecr,42,43.0,0.005555806416175646
23,ibm_kyiv,ecr,126,112.0,0.007284978177426793
24,ibm_kyiv,ecr,107,108.0,0.007953371506672025
25,ibm_kyiv,ecr,73,85.0,0.009581833167230602
26,ibm_kyiv,ecr,103,104.0,0.010367810942582989
27,ibm_kyiv,ecr,48,49.0,0.00901256474644102
28,ibm_kyiv,ecr,92,83.0,0.007984455308334248
29,ibm_kyiv,ecr,80,81.0,1.0
30,ibm_kyiv,ecr,114,113.0,0.01291212487643123
31,ibm_kyiv,ecr,75,76.0,0.005530641124205149
32,ibm_kyiv,ecr,85,86.0,0.02988514899771283
33,ibm_kyiv,ecr,13,12.0,0.007347441285051826
34,ibm_kyiv,ecr,16,8.0,0.0914689078962409
35,ibm_kyiv,ecr,43,34.0,0.0056635121073355665
36,ibm_kyiv,ecr,50,49.0,0.014681116428744923
37,ibm_kyiv,ecr,110,118.0,0.011542837448951127
38,ibm_kyiv,ecr,105,104.0,0.015214533857045132
39,ibm_kyiv,ecr,82,81.0,0.027833950527528017
40,ibm_kyiv,ecr,118,119.0,0.015116159101016213
41,ibm_kyiv,ecr,22,23.0,0.014081155134547552
42,ibm_kyiv,ecr,77,78.0,0.009680550430680224
43,ibm_kyiv,ecr,114,115.0,0.012557527814509473
44,ibm_kyiv,ecr,53,41.0,0.004141038654108531
45,ibm_kyiv,ecr,45,46.0,0.012645350186879345
46,ibm_kyiv,ecr,79,78.0,0.009391836449206215
47,ibm_kyiv,ecr,105,106.0,0.01246867213708619
48,ibm_kyiv,ecr,50,51.0,0.008504112347316073
49,ibm_kyiv,ecr,72,81.0,0.009671273386141266
50,ibm_kyiv,ecr,82,83.0,0.019461250170196287
51,ibm_kyiv,ecr,116,115.0,0.011062831531071404
52,ibm_kyiv,ecr,20,19.0,0.017431917689617438
53,ibm_kyiv,ecr,77,71.0,0.011543648591950728
54,ibm_kyiv,ecr,46,47.0,0.02662411469126652
55,ibm_kyiv,ecr,91,79.0,0.013292309576517114
56,ibm_kyiv,ecr,23,24.0,0.033347179103280056
57,ibm_kyiv,ecr,57,56.0,0.01894450915237339
58,ibm_kyiv,ecr,122,121.0,1.0
59,ibm_kyiv,ecr,55,49.0,0.010118993027562084
60,ibm_kyiv,ecr,24,25.0,0.01583843709435756
61,ibm_kyiv,ecr,93,106.0,0.013887425355315508
62,ibm_kyiv,ecr,116,117.0,0.011971461799911598
63,ibm_kyiv,ecr,21,20.0,0.021091330365731964
64,ibm_kyiv,ecr,31,30.0,0.011462120151137234
65,ibm_kyiv,ecr,57,58.0,0.023749873198163407
66,ibm_kyiv,ecr,87,93.0,0.014353119749804188
67,ibm_kyiv,ecr,73,66.0,0.016886591598252454
68,ibm_kyiv,ecr,26,27.0,0.0125114407721858
69,ibm_kyiv,ecr,5,4.0,0.00998120469761854
70,ibm_kyiv,ecr,21,22.0,0.007970155150880509
71,ibm_kyiv,ecr,89,74.0,0.015006154153652806
72,ibm_kyiv,ecr,58,71.0,0.0168753202363377
73,ibm_kyiv,ecr,31,32.0,0.0076324108925686085
74,ibm_kyiv,ecr,4,15.0,0.026283366363528515
75,ibm_kyiv,ecr,87,86.0,0.017332517502102573
76,ibm_kyiv,ecr,123,124.0,0.008627504084863513
77,ibm_kyiv,ecr,28,27.0,0.010620251316758644
78,ibm_kyiv,ecr,56,52.0,0.014863038434383191
79,ibm_kyiv,ecr,88,87.0,0.014781176027245824
80,ibm_kyiv,ecr,64,65.0,0.014991766631933467
81,ibm_kyiv,ecr,119,120.0,0.014026364687332649
82,ibm_kyiv,ecr,54,64.0,0.01617488971772485
83,ibm_kyiv,ecr,125,124.0,0.010811734617639679
84,ibm_kyiv,ecr,84,83.0,0.006503406127700839
85,ibm_kyiv,ecr,29,28.0,0.006354191069106674
86,ibm_kyiv,ecr,60,61.0,0.00829098554906127
87,ibm_kyiv,ecr,14,18.0,0.0059134730441886
88,ibm_kyiv,ecr,121,120.0,1.0
89,ibm_kyiv,ecr,97,98.0,0.01507760684187831
90,ibm_kyiv,ecr,1,2.0,0.0077568740619129994
91,ibm_kyiv,ecr,72,62.0,0.03450620455310638
92,ibm_kyiv,ecr,36,51.0,0.005845983807990673
93,ibm_kyiv,ecr,88,89.0,0.012970670987337563
94,ibm_kyiv,ecr,29,30.0,0.012972245024232554
95,ibm_kyiv,ecr,61,62.0,0.00907141798728911
96,ibm_kyiv,ecr,70,74.0,0.012533413981961894
97,ibm_kyiv,ecr,2,3.0,0.005641049849176294
98,ibm_kyiv,ecr,122,123.0,0.005260530695189336
99,ibm_kyiv,ecr,117,118.0,0.00594717379367693
100,ibm_kyiv,ecr,63,62.0,0.01720544321515982
101,ibm_kyiv,ecr,94,95.0,0.014263254442857143
102,ibm_kyiv,ecr,109,114.0,1.0
103,ibm_kyiv,ecr,37,52.0,0.023824240400736107
104,ibm_kyiv,ecr,58,59.0,0.014933682250574454
105,ibm_kyiv,ecr,33,39.0,0.012934489837572394
106,ibm_kyiv,ecr,4,3.0,0.009317071437560498
107,ibm_kyiv,ecr,101,100.0,0.017029012300322777
108,ibm_kyiv,ecr,10,9.0,0.006670271499715108
109,ibm_kyiv,ecr,68,69.0,0.01491853386747427
110,ibm_kyiv,ecr,111,104.0,0.017975763809170542
111,ibm_kyiv,ecr,63,64.0,0.014474550038894474
112,ibm_kyiv,ecr,6,5.0,0.006166683754781466
113,ibm_kyiv,ecr,111,122.0,0.008173991278124682
114,ibm_kyiv,ecr,59,60.0,0.006949884889259461
115,ibm_kyiv,ecr,96,109.0,1.0
116,ibm_kyiv,ecr,69,70.0,0.01577824960329033
117,ibm_kyiv,ecr,35,47.0,0.01721469039070178
118,ibm_kyiv,ecr,101,102.0,0.016011043777768852
119,ibm_kyiv,ecr,80,79.0,1.0
120,ibm_kyiv,ecr,34,24.0,0.00989858876249955
121,ibm_kyiv,ecr,39,38.0,0.018867127952081286
122,ibm_kyiv,ecr,0,1.0,0.006402053712404265
123,ibm_kyiv,ecr,10,11.0,0.007952401308012502
124,ibm_kyiv,ecr,66,65.0,0.016311120038772386
125,ibm_kyiv,ecr,54,45.0,0.006928645421890034
126,ibm_kyiv,ecr,37,38.0,0.019997278742012292
127,ibm_kyiv,ecr,94,90.0,0.006791634288215831
128,ibm_kyiv,ecr,92,102.0,0.020330842083734202
129,ibm_kyiv,ecr,7,6.0,0.010662817204590058
130,ibm_kyiv,ecr,98,99.0,0.018075455172305577
131,ibm_kyiv,ecr,44,43.0,0.01428387193715508
132,ibm_kyiv,ecr,125,126.0,0.011144821893621204
133,ibm_kyiv,ecr,22,15.0,0.03216797423936185
134,ibm_kyiv,ecr,40,39.0,0.014569443193471865
135,ibm_kyiv,ecr,68,55.0,0.007473507704455651
136,ibm_kyiv,ecr,36,32.0,0.005777405025285898
137,ibm_kyiv,ecr,66,67.0,0.025166734437679528
138,ibm_kyiv,ecr,11,12.0,0.006421835056026726
139,ibm_kyiv,ecr,100,99.0,0.018725645890688536
140,ibm_kyiv,ecr,76,77.0,0.008178848434212793
141,ibm_kyiv,ecr,45,44.0,0.02230062928537002
142,ibm_kyiv,ecr,7,8.0,0.06967834654868865
143,ibm_kyiv,ecr,53,60.0,0.0039614803180077485
144,ibm_kyiv,id,0,,0.0001323951929770011
145,ibm_kyiv,id,1,,0.00019995595793613998
146,ibm_kyiv,id,2,,0.0001319866770732589
147,ibm_kyiv,id,3,,0.00016838775933896173
148,ibm_kyiv,id,4,,0.0005994139227358977
149,ibm_kyiv,id,5,,0.00016534191815511612
150,ibm_kyiv,id,6,,8.300612396370162e-05
151,ibm_kyiv,id,7,,0.00011770843965995591
152,ibm_kyiv,id,8,,0.022998910804154327
153,ibm_kyiv,id,9,,0.0001571408064775315
154,ibm_kyiv,id,10,,0.00016299212348484335
155,ibm_kyiv,id,11,,0.00016935711980506842
156,ibm_kyiv,id,12,,0.00013762637141621073
157,ibm_kyiv,id,13,,0.00015157008625957502
158,ibm_kyiv,id,14,,0.00011072359260194042
159,ibm_kyiv,id,15,,0.0009264655987565321
160,ibm_kyiv,id,16,,0.00037710867816733936
161,ibm_kyiv,id,17,,0.00040491313626045373
162,ibm_kyiv,id,18,,0.00018079494001883533
163,ibm_kyiv,id,19,,0.001182965801892983
164,ibm_kyiv,id,20,,0.0006212468894931966
165,ibm_kyiv,id,21,,0.00024746958670903796
166,ibm_kyiv,id,22,,0.00016769016451158016
167,ibm_kyiv,id,23,,0.00029526328671072567
168,ibm_kyiv,id,24,,0.0002170204874568306
169,ibm_kyiv,id,25,,0.00014211998666028867
170,ibm_kyiv,id,26,,0.0015134928179495162
171,ibm_kyiv,id,27,,0.0005129932699063026
172,ibm_kyiv,id,28,,0.0002120476193422189
173,ibm_kyiv,id,29,,0.00012782202336802213
174,ibm_kyiv,id,30,,0.001164311371220934
175,ibm_kyiv,id,31,,0.00043098849684200746
176,ibm_kyiv,id,32,,0.0001344455833099757
177,ibm_kyiv,id,33,,0.00016406128080210633
178,ibm_kyiv,id,34,,0.00031954165658679525
179,ibm_kyiv,id,35,,0.00028933304137484167
180,ibm_kyiv,id,36,,0.0001726597259943198
181,ibm_kyiv,id,37,,0.0021378338209448117
182,ibm_kyiv,id,38,,0.0007789631394246972
183,ibm_kyiv,id,39,,0.0012870661178640119
184,ibm_kyiv,id,40,,0.00016497886820818265
185,ibm_kyiv,id,41,,0.00014680553670424015
186,ibm_kyiv,id,42,,9.532209074479368e-05
187,ibm_kyiv,id,43,,0.00011710473103236743
188,ibm_kyiv,id,44,,0.0008700815368095948
189,ibm_kyiv,id,45,,0.00021789719064695988
190,ibm_kyiv,id,46,,0.0004686482871445031
191,ibm_kyiv,id,47,,0.0015729431839919148
192,ibm_kyiv,id,48,,0.00023425387123352266
193,ibm_kyiv,id,49,,0.00039062265242005345
194,ibm_kyiv,id,50,,0.0003496389943282448
195,ibm_kyiv,id,51,,0.00017749000950507968
196,ibm_kyiv,id,52,,0.0003909373699393091
197,ibm_kyiv,id,53,,0.0001269092217322176
198,ibm_kyiv,id,54,,0.00034806808116761233
199,ibm_kyiv,id,55,,0.00014834074695944797
200,ibm_kyiv,id,56,,0.0008681230138724076
201,ibm_kyiv,id,57,,0.0004961949204910745
202,ibm_kyiv,id,58,,0.0005040171241705705
203,ibm_kyiv,id,59,,0.00014840849852862595
204,ibm_kyiv,id,60,,0.00013610542889751174
205,ibm_kyiv,id,61,,0.0001859482285688311
206,ibm_kyiv,id,62,,0.0010909163364495823
207,ibm_kyiv,id,63,,0.00045426013671517434
208,ibm_kyiv,id,64,,0.0003055303104613148
209,ibm_kyiv,id,65,,0.00019901888142258368
210,ibm_kyiv,id,66,,0.001360105345403852
211,ibm_kyiv,id,67,,0.00020578884433349889
212,ibm_kyiv,id,68,,0.000174096405536834
213,ibm_kyiv,id,69,,0.000476188092954815
214,ibm_kyiv,id,70,,0.0003494117854195947
215,ibm_kyiv,id,71,,0.0003657843918654765
216,ibm_kyiv,id,72,,0.00039932075750329836
217,ibm_kyiv,id,73,,0.0002963973629205336
218,ibm_kyiv,id,74,,0.001600200021097703
219,ibm_kyiv,id,75,,0.0002524051066341297
220,ibm_kyiv,id,76,,0.0001521179924016759
221,ibm_kyiv,id,77,,0.0009664245032122332
222,ibm_kyiv,id,78,,7.900153367974795e-05
223,ibm_kyiv,id,79,,0.0006397717585103131
224,ibm_kyiv,id,80,,0.08859508135535998
225,ibm_kyiv,id,81,,0.00016559351615015106
226,ibm_kyiv,id,82,,0.0008849877548103604
227,ibm_kyiv,id,83,,0.00024556066511198337
228,ibm_kyiv,id,84,,0.00015713487192752288
229,ibm_kyiv,id,85,,0.0001350573945066161
230,ibm_kyiv,id,86,,0.0007672126723136376
231,ibm_kyiv,id,87,,0.0005409755592469053
232,ibm_kyiv,id,88,,0.0001625240632288177
233,ibm_kyiv,id,89,,9.001612654968038e-05
234,ibm_kyiv,id,90,,0.00015232161068050507
235,ibm_kyiv,id,91,,0.0002454887403279255
236,ibm_kyiv,id,92,,0.00014725801328133392
237,ibm_kyiv,id,93,,0.000585488727522634
238,ibm_kyiv,id,94,,0.0004500919301156692
239,ibm_kyiv,id,95,,0.00016958784567318793
240,ibm_kyiv,id,96,,0.00014118028751165766
241,ibm_kyiv,id,97,,0.0003694888806606047
242,ibm_kyiv,id,98,,0.0004223571738540251
243,ibm_kyiv,id,99,,0.0005339375150375137
244,ibm_kyiv,id,100,,0.00039308421392327317
245,ibm_kyiv,id,101,,0.0007917468482044537
246,ibm_kyiv,id,102,,8.759821592291724e-05
247,ibm_kyiv,id,103,,0.00015432065740784057
248,ibm_kyiv,id,104,,0.00045638969426798416
249,ibm_kyiv,id,105,,0.0007727028511649947
250,ibm_kyiv,id,106,,0.0006739519246108042
251,ibm_kyiv,id,107,,0.0002319747625993779
252,ibm_kyiv,id,108,,0.00038917856450649874
253,ibm_kyiv,id,109,,5.5755809628282606e-05
254,ibm_kyiv,id,110,,0.00025095215609652815
255,ibm_kyiv,id,111,,0.0004503271132000279
256,ibm_kyiv,id,112,,0.00013729807749160607
257,ibm_kyiv,id,113,,0.0002442495886847254
258,ibm_kyiv,id,114,,0.00038162399954893206
259,ibm_kyiv,id,115,,0.00015329119277514782
260,ibm_kyiv,id,116,,0.0004278311899575395
261,ibm_kyiv,id,117,,0.00012472085669637311
262,ibm_kyiv,id,118,,0.0002012511991380754
263,ibm_kyiv,id,119,,0.0005092142576940716
264,ibm_kyiv,id,120,,0.00019994577697804035
265,ibm_kyiv,id,121,,9.24564185671148e-05
266,ibm_kyiv,id,122,,0.00018462755489422327
267,ibm_kyiv,id,123,,0.0001416217181955324
268,ibm_kyiv,id,124,,0.00021255806285088732
269,ibm_kyiv,id,125,,0.0007353671774077385
270,ibm_kyiv,id,126,,0.0003927456030400136
271,ibm_kyiv,rz,0,,0.0
272,ibm_kyiv,rz,1,,0.0
273,ibm_kyiv,rz,2,,0.0
274,ibm_kyiv,rz,3,,0.0
275,ibm_kyiv,rz,4,,0.0
276,ibm_kyiv,rz,5,,0.0
277,ibm_kyiv,rz,6,,0.0
278,ibm_kyiv,rz,7,,0.0
279,ibm_kyiv,rz,8,,0.0
280,ibm_kyiv,rz,9,,0.0
281,ibm_kyiv,rz,10,,0.0
282,ibm_kyiv,rz,11,,0.0
283,ibm_kyiv,rz,12,,0.0
284,ibm_kyiv,rz,13,,0.0
285,ibm_kyiv,rz,14,,0.0
286,ibm_kyiv,rz,15,,0.0
287,ibm_kyiv,rz,16,,0.0
288,ibm_kyiv,rz,17,,0.0
289,ibm_kyiv,rz,18,,0.0
290,ibm_kyiv,rz,19,,0.0
291,ibm_kyiv,rz,20,,0.0
292,ibm_kyiv,rz,21,,0.0
293,ibm_kyiv,rz,22,,0.0
294,ibm_kyiv,rz,23,,0.0
295,ibm_kyiv,rz,24,,0.0
296,ibm_kyiv,rz,25,,0.0
297,ibm_kyiv,rz,26,,0.0
298,ibm_kyiv,rz,27,,0.0
299,ibm_kyiv,rz,28,,0.0
300,ibm_kyiv,rz,29,,0.0
301,ibm_kyiv,rz,30,,0.0
302,ibm_kyiv,rz,31,,0.0
303,ibm_kyiv,rz,32,,0.0
304,ibm_kyiv,rz,33,,0.0
305,ibm_kyiv,rz,34,,0.0
306,ibm_kyiv,rz,35,,0.0
307,ibm_kyiv,rz,36,,0.0
308,ibm_kyiv,rz,37,,0.0
309,ibm_kyiv,rz,38,,0.0
310,ibm_kyiv,rz,39,,0.0
311,ibm_kyiv,rz,40,,0.0
312,ibm_kyiv,rz,41,,0.0
313,ibm_kyiv,rz,42,,0.0
314,ibm_kyiv,rz,43,,0.0
315,ibm_kyiv,rz,44,,0.0
316,ibm_kyiv,rz,45,,0.0
317,ibm_kyiv,rz,46,,0.0
318,ibm_kyiv,rz,47,,0.0
319,ibm_kyiv,rz,48,,0.0
320,ibm_kyiv,rz,49,,0.0
321,ibm_kyiv,rz,50,,0.0
322,ibm_kyiv,rz,51,,0.0
323,ibm_kyiv,rz,52,,0.0
324,ibm_kyiv,rz,53,,0.0
325,ibm_kyiv,rz,54,,0.0
326,ibm_kyiv,rz,55,,0.0
327,ibm_kyiv,rz,56,,0.0
328,ibm_kyiv,rz,57,,0.0
329,ibm_kyiv,rz,58,,0.0
330,ibm_kyiv,rz,59,,0.0
331,ibm_kyiv,rz,60,,0.0
332,ibm_kyiv,rz,61,,0.0
333,ibm_kyiv,rz,62,,0.0
334,ibm_kyiv,rz,63,,0.0
335,ibm_kyiv,rz,64,,0.0
336,ibm_kyiv,rz,65,,0.0
337,ibm_kyiv,rz,66,,0.0
338,ibm_kyiv,rz,67,,0.0
339,ibm_kyiv,rz,68,,0.0
340,ibm_kyiv,rz,69,,0.0
341,ibm_kyiv,rz,70,,0.0
342,ibm_kyiv,rz,71,,0.0
343,ibm_kyiv,rz,72,,0.0
344,ibm_kyiv,rz,73,,0.0
345,ibm_kyiv,rz,74,,0.0
346,ibm_kyiv,rz,75,,0.0
347,ibm_kyiv,rz,76,,0.0
348,ibm_kyiv,rz,77,,0.0
349,ibm_kyiv,rz,78,,0.0
350,ibm_kyiv,rz,79,,0.0
351,ibm_kyiv,rz,80,,0.0
352,ibm_kyiv,rz,81,,0.0
353,ibm_kyiv,rz,82,,0.0
354,ibm_kyiv,rz,83,,0.0
355,ibm_kyiv,rz,84,,0.0
356,ibm_kyiv,rz,85,,0.0
357,ibm_kyiv,rz,86,,0.0
358,ibm_kyiv,rz,87,,0.0
359,ibm_kyiv,rz,88,,0.0
360,ibm_kyiv,rz,89,,0.0
361,ibm_kyiv,rz,90,,0.0
362,ibm_kyiv,rz,91,,0.0
363,ibm_kyiv,rz,92,,0.0
364,ibm_kyiv,rz,93,,0.0
365,ibm_kyiv,rz,94,,0.0
366,ibm_kyiv,rz,95,,0.0
367,ibm_kyiv,rz,96,,0.0
368,ibm_kyiv,rz,97,,0.0
369,ibm_kyiv,rz,98,,0.0
370,ibm_kyiv,rz,99,,0.0
371,ibm_kyiv,rz,100,,0.0
372,ibm_kyiv,rz,101,,0.0
373,ibm_kyiv,rz,102,,0.0
374,ibm_kyiv,rz,103,,0.0
375,ibm_kyiv,rz,104,,0.0
376,ibm_kyiv,rz,105,,0.0
377,ibm_kyiv,rz,106,,0.0
378,ibm_kyiv,rz,107,,0.0
379,ibm_kyiv,rz,108,,0.0
380,ibm_kyiv,rz,109,,0.0
381,ibm_kyiv,rz,110,,0.0
382,ibm_kyiv,rz,111,,0.0
383,ibm_kyiv,rz,112,,0.0
384,ibm_kyiv,rz,113,,0.0
385,ibm_kyiv,rz,114,,0.0
386,ibm_kyiv,rz,115,,0.0
387,ibm_kyiv,rz,116,,0.0
388,ibm_kyiv,rz,117,,0.0
389,ibm_kyiv,rz,118,,0.0
390,ibm_kyiv,rz,119,,0.0
391,ibm_kyiv,rz,120,,0.0
392,ibm_kyiv,rz,121,,0.0
393,ibm_kyiv,rz,122,,0.0
394,ibm_kyiv,rz,123,,0.0
395,ibm_kyiv,rz,124,,0.0
396,ibm_kyiv,rz,125,,0.0
397,ibm_kyiv,rz,126,,0.0
398,ibm_kyiv,sx,0,,0.0001323951929770011
399,ibm_kyiv,sx,1,,0.00019995595793613998
400,ibm_kyiv,sx,2,,0.0001319866770732589
401,ibm_kyiv,sx,3,,0.00016838775933896173
402,ibm_kyiv,sx,4,,0.0005994139227358977
403,ibm_kyiv,sx,5,,0.00016534191815511612
404,ibm_kyiv,sx,6,,8.300612396370162e-05
405,ibm_kyiv,sx,7,,0.00011770843965995591
406,ibm_kyiv,sx,8,,0.022998910804154327
407,ibm_kyiv,sx,9,,0.0001571408064775315
408,ibm_kyiv,sx,10,,0.00016299212348484335
409,ibm_kyiv,sx,11,,0.00016935711980506842
410,ibm_kyiv,sx,12,,0.00013762637141621073
411,ibm_kyiv,sx,13,,0.00015157008625957502
412,ibm_kyiv,sx,14,,0.00011072359260194042
413,ibm_kyiv,sx,15,,0.0009264655987565321
414,ibm_kyiv,sx,16,,0.00037710867816733936
415,ibm_kyiv,sx,17,,0.00040491313626045373
416,ibm_kyiv,sx,18,,0.00018079494001883533
417,ibm_kyiv,sx,19,,0.001182965801892983
418,ibm_kyiv,sx,20,,0.0006212468894931966
419,ibm_kyiv,sx,21,,0.00024746958670903796
420,ibm_kyiv,sx,22,,0.00016769016451158016
421,ibm_kyiv,sx,23,,0.00029526328671072567
422,ibm_kyiv,sx,24,,0.0002170204874568306
423,ibm_kyiv,sx,25,,0.00014211998666028867
424,ibm_kyiv,sx,26,,0.0015134928179495162
425,ibm_kyiv,sx,27,,0.0005129932699063026
426,ibm_kyiv,sx,28,,0.0002120476193422189
427,ibm_kyiv,sx,29,,0.00012782202336802213
428,ibm_kyiv,sx,30,,0.001164311371220934
429,ibm_kyiv,sx,31,,0.00043098849684200746
430,ibm_kyiv,sx,32,,0.0001344455833099757
431,ibm_kyiv,sx,33,,0.00016406128080210633
432,ibm_kyiv,sx,34,,0.00031954165658679525
433,ibm_kyiv,sx,35,,0.00028933304137484167
434,ibm_kyiv,sx,36,,0.0001726597259943198
435,ibm_kyiv,sx,37,,0.0021378338209448117
436,ibm_kyiv,sx,38,,0.0007789631394246972
437,ibm_kyiv,sx,39,,0.0012870661178640119
438,ibm_kyiv,sx,40,,0.00016497886820818265
439,ibm_kyiv,sx,41,,0.00014680553670424015
440,ibm_kyiv,sx,42,,9.532209074479368e-05
441,ibm_kyiv,sx,43,,0.00011710473103236743
442,ibm_kyiv,sx,44,,0.0008700815368095948
443,ibm_kyiv,sx,45,,0.00021789719064695988
444,ibm_kyiv,sx,46,,0.0004686482871445031
445,ibm_kyiv,sx,47,,0.0015729431839919148
446,ibm_kyiv,sx,48,,0.00023425387123352266
447,ibm_kyiv,sx,49,,0.00039062265242005345
448,ibm_kyiv,sx,50,,0.0003496389943282448
449,ibm_kyiv,sx,51,,0.00017749000950507968
450,ibm_kyiv,sx,52,,0.0003909373699393091
451,ibm_kyiv,sx,53,,0.0001269092217322176
452,ibm_kyiv,sx,54,,0.00034806808116761233
453,ibm_kyiv,sx,55,,0.00014834074695944797
454,ibm_kyiv,sx,56,,0.0008681230138724076
455,ibm_kyiv,sx,57,,0.0004961949204910745
456,ibm_kyiv,sx,58,,0.0005040171241705705
457,ibm_kyiv,sx,59,,0.00014840849852862595
458,ibm_kyiv,sx,60,,0.00013610542889751174
459,ibm_kyiv,sx,61,,0.0001859482285688311
460,ibm_kyiv,sx,62,,0.0010909163364495823
461,ibm_kyiv,sx,63,,0.00045426013671517434
462,ibm_kyiv,sx,64,,0.0003055303104613148
463,ibm_kyiv,sx,65,,0.00019901888142258368
464,ibm_kyiv,sx,66,,0.001360105345403852
465,ibm_kyiv,sx,67,,0.00020578884433349889
466,ibm_kyiv,sx,68,,0.000174096405536834
467,ibm_kyiv,sx,69,,0.000476188092954815
468,ibm_kyiv,sx,70,,0.0003494117854195947
469,ibm_kyiv,sx,71,,0.0003657843918654765
470,ibm_kyiv,sx,72,,0.00039932075750329836
471,ibm_kyiv,sx,73,,0.0002963973629205336
472,ibm_kyiv,sx,74,,0.001600200021097703
473,ibm_kyiv,sx,75,,0.0002524051066341297
474,ibm_kyiv,sx,76,,0.0001521179924016759
475,ibm_kyiv,sx,77,,0.0009664245032122332
476,ibm_kyiv,sx,78,,7.900153367974795e-05
477,ibm_kyiv,sx,79,,0.0006397717585103131
478,ibm_kyiv,sx,80,,0.08859508135535998
479,ibm_kyiv,sx,81,,0.00016559351615015106
480,ibm_kyiv,sx,82,,0.0008849877548103604
481,ibm_kyiv,sx,83,,0.00024556066511198337
482,ibm_kyiv,sx,84,,0.00015713487192752288
483,ibm_kyiv,sx,85,,0.0001350573945066161
484,ibm_kyiv,sx,86,,0.0007672126723136376
485,ibm_kyiv,sx,87,,0.0005409755592469053
486,ibm_kyiv,sx,88,,0.0001625240632288177
487,ibm_kyiv,sx,89,,9.001612654968038e-05
488,ibm_kyiv,sx,90,,0.00015232161068050507
489,ibm_kyiv,sx,91,,0.0002454887403279255
490,ibm_kyiv,sx,92,,0.00014725801328133392
491,ibm_kyiv,sx,93,,0.000585488727522634
492,ibm_kyiv,sx,94,,0.0004500919301156692
493,ibm_kyiv,sx,95,,0.00016958784567318793
494,ibm_kyiv,sx,96,,0.00014118028751165766
495,ibm_kyiv,sx,97,,0.0003694888806606047
496,ibm_kyiv,sx,98,,0.0004223571738540251
497,ibm_kyiv,sx,99,,0.0005339375150375137
498,ibm_kyiv,sx,100,,0.00039308421392327317
499,ibm_kyiv,sx,101,,0.0007917468482044537
500,ibm_kyiv,sx,102,,8.759821592291724e-05
501,ibm_kyiv,sx,103,,0.00015432065740784057
502,ibm_kyiv,sx,104,,0.00045638969426798416
503,ibm_kyiv,sx,105,,0.0007727028511649947
504,ibm_kyiv,sx,106,,0.0006739519246108042
505,ibm_kyiv,sx,107,,0.0002319747625993779
506,ibm_kyiv,sx,108,,0.00038917856450649874
507,ibm_kyiv,sx,109,,5.5755809628282606e-05
508,ibm_kyiv,sx,110,,0.00025095215609652815
509,ibm_kyiv,sx,111,,0.0004503271132000279
510,ibm_kyiv,sx,112,,0.00013729807749160607
511,ibm_kyiv,sx,113,,0.0002442495886847254
512,ibm_kyiv,sx,114,,0.00038162399954893206
513,ibm_kyiv,sx,115,,0.00015329119277514782
514,ibm_kyiv,sx,116,,0.0004278311899575395
515,ibm_kyiv,sx,117,,0.00012472085669637311
516,ibm_kyiv,sx,118,,0.0002012511991380754
517,ibm_kyiv,sx,119,,0.0005092142576940716
518,ibm_kyiv,sx,120,,0.00019994577697804035
519,ibm_kyiv,sx,121,,9.24564185671148e-05
520,ibm_kyiv,sx,122,,0.00018462755489422327
521,ibm_kyiv,sx,123,,0.0001416217181955324
522,ibm_kyiv,sx,124,,0.00021255806285088732
523,ibm_kyiv,sx,125,,0.0007353671774077385
524,ibm_kyiv,sx,126,,0.0003927456030400136
525,ibm_kyiv,x,0,,0.0001323951929770011
526,ibm_kyiv,x,1,,0.00019995595793613998
527,ibm_kyiv,x,2,,0.0001319866770732589
528,ibm_kyiv,x,3,,0.00016838775933896173
529,ibm_kyiv,x,4,,0.0005994139227358977
530,ibm_kyiv,x,5,,0.00016534191815511612
531,ibm_kyiv,x,6,,8.300612396370162e-05
532,ibm_kyiv,x,7,,0.00011770843965995591
533,ibm_kyiv,x,8,,0.022998910804154327
534,ibm_kyiv,x,9,,0.0001571408064775315
535,ibm_kyiv,x,10,,0.00016299212348484335
536,ibm_kyiv,x,11,,0.00016935711980506842
537,ibm_kyiv,x,12,,0.00013762637141621073
538,ibm_kyiv,x,13,,0.00015157008625957502
539,ibm_kyiv,x,14,,0.00011072359260194042
540,ibm_kyiv,x,15,,0.0009264655987565321
541,ibm_kyiv,x,16,,0.00037710867816733936
542,ibm_kyiv,x,17,,0.00040491313626045373
543,ibm_kyiv,x,18,,0.00018079494001883533
544,ibm_kyiv,x,19,,0.001182965801892983
545,ibm_kyiv,x,20,,0.0006212468894931966
546,ibm_kyiv,x,21,,0.00024746958670903796
547,ibm_kyiv,x,22,,0.00016769016451158016
548,ibm_kyiv,x,23,,0.00029526328671072567
549,ibm_kyiv,x,24,,0.0002170204874568306
550,ibm_kyiv,x,25,,0.00014211998666028867
551,ibm_kyiv,x,26,,0.0015134928179495162
552,ibm_kyiv,x,27,,0.0005129932699063026
553,ibm_kyiv,x,28,,0.0002120476193422189
554,ibm_kyiv,x,29,,0.00012782202336802213
555,ibm_kyiv,x,30,,0.001164311371220934
556,ibm_kyiv,x,31,,0.00043098849684200746
557,ibm_kyiv,x,32,,0.0001344455833099757
558,ibm_kyiv,x,33,,0.00016406128080210633
559,ibm_kyiv,x,34,,0.00031954165658679525
560,ibm_kyiv,x,35,,0.00028933304137484167
561,ibm_kyiv,x,36,,0.0001726597259943198
562,ibm_kyiv,x,37,,0.0021378338209448117
563,ibm_kyiv,x,38,,0.0007789631394246972
564,ibm_kyiv,x,39,,0.0012870661178640119
565,ibm_kyiv,x,40,,0.00016497886820818265
566,ibm_kyiv,x,41,,0.00014680553670424015
567,ibm_kyiv,x,42,,9.532209074479368e-05
568,ibm_kyiv,x,43,,0.00011710473103236743
569,ibm_kyiv,x,44,,0.0008700815368095948
570,ibm_kyiv,x,45,,0.00021789719064695988
571,ibm_kyiv,x,46,,0.0004686482871445031
572,ibm_kyiv,x,47,,0.0015729431839919148
573,ibm_kyiv,x,48,,0.00023425387123352266
574,ibm_kyiv,x,49,,0.00039062265242005345
575,ibm_kyiv,x,50,,0.0003496389943282448
576,ibm_kyiv,x,51,,0.00017749000950507968
577,ibm_kyiv,x,52,,0.0003909373699393091
578,ibm_kyiv,x,53,,0.0001269092217322176
579,ibm_kyiv,x,54,,0.00034806808116761233
580,ibm_kyiv,x,55,,0.00014834074695944797
581,ibm_kyiv,x,56,,0.0008681230138724076
582,ibm_kyiv,x,57,,0.0004961949204910745
583,ibm_kyiv,x,58,,0.0005040171241705705
584,ibm_kyiv,x,59,,0.00014840849852862595
585,ibm_kyiv,x,60,,0.00013610542889751174
586,ibm_kyiv,x,61,,0.0001859482285688311
587,ibm_kyiv,x,62,,0.0010909163364495823
588,ibm_kyiv,x,63,,0.00045426013671517434
589,ibm_kyiv,x,64,,0.0003055303104613148
590,ibm_kyiv,x,65,,0.00019901888142258368
591,ibm_kyiv,x,66,,0.001360105345403852
592,ibm_kyiv,x,67,,0.00020578884433349889
593,ibm_kyiv,x,68,,0.000174096405536834
594,ibm_kyiv,x,69,,0.000476188092954815
595,ibm_kyiv,x,70,,0.0003494117854195947
596,ibm_kyiv,x,71,,0.0003657843918654765
597,ibm_kyiv,x,72,,0.00039932075750329836
598,ibm_kyiv,x,73,,0.0002963973629205336
599,ibm_kyiv,x,74,,0.001600200021097703
600,ibm_kyiv,x,75,,0.0002524051066341297
601,ibm_kyiv,x,76,,0.0001521179924016759
602,ibm_kyiv,x,77,,0.0009664245032122332
603,ibm_kyiv,x,78,,7.900153367974795e-05
604,ibm_kyiv,x,79,,0.0006397717585103131
605,ibm_kyiv,x,80,,0.08859508135535998
606,ibm_kyiv,x,81,,0.00016559351615015106
607,ibm_kyiv,x,82,,0.0008849877548103604
608,ibm_kyiv,x,83,,0.00024556066511198337
609,ibm_kyiv,x,84,,0.00015713487192752288
610,ibm_kyiv,x,85,,0.0001350573945066161
611,ibm_kyiv,x,86,,0.0007672126723136376
612,ibm_kyiv,x,87,,0.0005409755592469053
613,ibm_kyiv,x,88,,0.0001625240632288177
614,ibm_kyiv,x,89,,9.001612654968038e-05
615,ibm_kyiv,x,90,,0.00015232161068050507
616,ibm_kyiv,x,91,,0.0002454887403279255
617,ibm_kyiv,x,92,,0.00014725801328133392
618,ibm_kyiv,x,93,,0.000585488727522634
619,ibm_kyiv,x,94,,0.0004500919301156692
620,ibm_kyiv,x,95,,0.00016958784567318793
621,ibm_kyiv,x,96,,0.00014118028751165766
622,ibm_kyiv,x,97,,0.0003694888806606047
623,ibm_kyiv,x,98,,0.0004223571738540251
624,ibm_kyiv,x,99,,0.0005339375150375137
625,ibm_kyiv,x,100,,0.00039308421392327317
626,ibm_kyiv,x,101,,0.0007917468482044537
627,ibm_kyiv,x,102,,8.759821592291724e-05
628,ibm_kyiv,x,103,,0.00015432065740784057
629,ibm_kyiv,x,104,,0.00045638969426798416
630,ibm_kyiv,x,105,,0.0007727028511649947
631,ibm_kyiv,x,106,,0.0006739519246108042
632,ibm_kyiv,x,107,,0.0002319747625993779
633,ibm_kyiv,x,108,,0.00038917856450649874
634,ibm_kyiv,x,109,,5.5755809628282606e-05
635,ibm_kyiv,x,110,,0.00025095215609652815
636,ibm_kyiv,x,111,,0.0004503271132000279
637,ibm_kyiv,x,112,,0.00013729807749160607
638,ibm_kyiv,x,113,,0.0002442495886847254
639,ibm_kyiv,x,114,,0.00038162399954893206
640,ibm_kyiv,x,115,,0.00015329119277514782
641,ibm_kyiv,x,116,,0.0004278311899575395
642,ibm_kyiv,x,117,,0.00012472085669637311
643,ibm_kyiv,x,118,,0.0002012511991380754
644,ibm_kyiv,x,119,,0.0005092142576940716
645,ibm_kyiv,x,120,,0.00019994577697804035
646,ibm_kyiv,x,121,,9.24564185671148e-05
647,ibm_kyiv,x,122,,0.00018462755489422327
648,ibm_kyiv,x,123,,0.0001416217181955324
649,ibm_kyiv,x,124,,0.00021255806285088732
650,ibm_kyiv,x,125,,0.0007353671774077385
651,ibm_kyiv,x,126,,0.0003927456030400136
652,ibm_sherbrooke,ecr,41,40.0,0.010741478412026495
653,ibm_sherbrooke,ecr,99,100.0,0.006901749420382963
654,ibm_sherbrooke,ecr,78,77.0,0.0067867949991456955
655,ibm_sherbrooke,ecr,17,12.0,0.010830571805750144
656,ibm_sherbrooke,ecr,8,9.0,0.011308356742801229
657,ibm_sherbrooke,ecr,114,109.0,0.006760778757833319
658,ibm_sherbrooke,ecr,17,30.0,0.007007394737143624
659,ibm_sherbrooke,ecr,42,41.0,0.009502025445828122
660,ibm_sherbrooke,ecr,18,19.0,0.012094760125769377
661,ibm_sherbrooke,ecr,107,106.0,0.007107527684193871
662,ibm_sherbrooke,ecr,71,58.0,0.011772206040840616
663,ibm_sherbrooke,ecr,85,84.0,0.007692046625973781
664,ibm_sherbrooke,ecr,26,16.0,0.027948758358509518
665,ibm_sherbrooke,ecr,47,48.0,0.004565245762701453
666,ibm_sherbrooke,ecr,35,28.0,0.0093072462442364
667,ibm_sherbrooke,ecr,26,25.0,0.012022793641929874
668,ibm_sherbrooke,ecr,107,108.0,0.007120513982589727
669,ibm_sherbrooke,ecr,73,85.0,0.01419213779868389
670,ibm_sherbrooke,ecr,77,76.0,0.007922252534655339
671,ibm_sherbrooke,ecr,38,39.0,0.005775417871340005
672,ibm_sherbrooke,ecr,20,33.0,0.008474900819582076
673,ibm_sherbrooke,ecr,49,48.0,0.011314034511100524
674,ibm_sherbrooke,ecr,80,81.0,0.014678523190762516
675,ibm_sherbrooke,ecr,92,83.0,0.0084695782593468
676,ibm_sherbrooke,ecr,75,76.0,0.005296079238020834
677,ibm_sherbrooke,ecr,16,8.0,1.0
678,ibm_sherbrooke,ecr,52,37.0,0.0208503766543921
679,ibm_sherbrooke,ecr,43,34.0,0.007896516019844202
680,ibm_sherbrooke,ecr,105,104.0,0.03311075810470088
681,ibm_sherbrooke,ecr,81,82.0,0.029872743690246062
682,ibm_sherbrooke,ecr,110,118.0,0.006944512351476195
683,ibm_sherbrooke,ecr,90,94.0,0.0073148530539018375
684,ibm_sherbrooke,ecr,12,13.0,0.025551359128973328
685,ibm_sherbrooke,ecr,23,22.0,0.011070997005678151
686,ibm_sherbrooke,ecr,74,70.0,0.004285733397393465
687,ibm_sherbrooke,ecr,49,50.0,0.011664141847043008
688,ibm_sherbrooke,ecr,114,115.0,0.011841975391063242
689,ibm_sherbrooke,ecr,45,46.0,0.0137410045073601
690,ibm_sherbrooke,ecr,98,91.0,0.008598630965444387
691,ibm_sherbrooke,ecr,50,51.0,0.011229436951789407
692,ibm_sherbrooke,ecr,82,83.0,0.00800153338986137
693,ibm_sherbrooke,ecr,116,115.0,0.019902098441473948
694,ibm_sherbrooke,ecr,23,24.0,0.020897739114151492
695,ibm_sherbrooke,ecr,78,79.0,0.0056819488382763295
696,ibm_sherbrooke,ecr,89,88.0,0.010843358849780937
697,ibm_sherbrooke,ecr,83,84.0,0.005606824197794846
698,ibm_sherbrooke,ecr,19,20.0,0.0038259778464133087
699,ibm_sherbrooke,ecr,55,49.0,0.08224430185205239
700,ibm_sherbrooke,ecr,25,24.0,0.013592619437818532
701,ibm_sherbrooke,ecr,56,57.0,1.0
702,ibm_sherbrooke,ecr,93,106.0,0.005222789076730128
703,ibm_sherbrooke,ecr,21,20.0,0.009042483555227632
704,ibm_sherbrooke,ecr,41,53.0,0.008398123578576056
705,ibm_sherbrooke,ecr,31,30.0,0.012439638947724874
706,ibm_sherbrooke,ecr,86,85.0,0.020086628178549393
707,ibm_sherbrooke,ecr,57,58.0,0.10345796926227263
708,ibm_sherbrooke,ecr,109,96.0,0.01559301436970334
709,ibm_sherbrooke,ecr,123,122.0,0.010322797757604252
710,ibm_sherbrooke,ecr,64,54.0,0.0077236375041028205
711,ibm_sherbrooke,ecr,73,66.0,0.017041264327216255
712,ibm_sherbrooke,ecr,119,118.0,0.01087816830094862
713,ibm_sherbrooke,ecr,79,91.0,0.011721031862388709
714,ibm_sherbrooke,ecr,26,27.0,0.00697018671056443
715,ibm_sherbrooke,ecr,5,4.0,0.006558097810987207
716,ibm_sherbrooke,ecr,21,22.0,0.008653617925470758
717,ibm_sherbrooke,ecr,89,74.0,0.006016334999204509
718,ibm_sherbrooke,ecr,31,32.0,0.005572602623755363
719,ibm_sherbrooke,ecr,4,15.0,0.007813416591364308
720,ibm_sherbrooke,ecr,86,87.0,0.010047366065003449
721,ibm_sherbrooke,ecr,97,96.0,0.006322353609692799
722,ibm_sherbrooke,ecr,113,114.0,0.004432813824016391
723,ibm_sherbrooke,ecr,1,0.0,0.009733537708183027
724,ibm_sherbrooke,ecr,28,27.0,0.009122352305467318
725,ibm_sherbrooke,ecr,90,75.0,0.015215051270800695
726,ibm_sherbrooke,ecr,81,72.0,0.019428788376724848
727,ibm_sherbrooke,ecr,56,52.0,1.0
728,ibm_sherbrooke,ecr,64,65.0,0.004279993503639501
729,ibm_sherbrooke,ecr,119,120.0,0.016377459700160135
730,ibm_sherbrooke,ecr,14,0.0,0.010059703990147328
731,ibm_sherbrooke,ecr,32,36.0,0.0033630432530353804
732,ibm_sherbrooke,ecr,125,124.0,0.006662534629231498
733,ibm_sherbrooke,ecr,29,28.0,0.01305907930442507
734,ibm_sherbrooke,ecr,61,60.0,0.006373210637148852
735,ibm_sherbrooke,ecr,14,18.0,0.015524568397316418
736,ibm_sherbrooke,ecr,112,108.0,0.004958704114903956
737,ibm_sherbrooke,ecr,126,125.0,0.005096288317702424
738,ibm_sherbrooke,ecr,87,88.0,0.008933713389767228
739,ibm_sherbrooke,ecr,97,98.0,0.007766458911317109
740,ibm_sherbrooke,ecr,1,2.0,0.019565682072522517
741,ibm_sherbrooke,ecr,112,126.0,0.004547327017335345
742,ibm_sherbrooke,ecr,72,62.0,0.004350175026522518
743,ibm_sherbrooke,ecr,117,116.0,0.01042125449855752
744,ibm_sherbrooke,ecr,36,51.0,0.004180893040951983
745,ibm_sherbrooke,ecr,120,121.0,0.006070917442867141
746,ibm_sherbrooke,ecr,99,98.0,0.008812275909272582
747,ibm_sherbrooke,ecr,3,2.0,0.019611034169913333
748,ibm_sherbrooke,ecr,29,30.0,0.008012488009050023
749,ibm_sherbrooke,ecr,61,62.0,0.004409859748365608
750,ibm_sherbrooke,ecr,95,94.0,0.00507310406098227
751,ibm_sherbrooke,ecr,121,122.0,0.010330694050299127
752,ibm_sherbrooke,ecr,93,87.0,0.007119130337786661
753,ibm_sherbrooke,ecr,68,67.0,0.008277908338139739
754,ibm_sherbrooke,ecr,117,118.0,0.009235318437743723
755,ibm_sherbrooke,ecr,63,62.0,0.011572077276183201
756,ibm_sherbrooke,ecr,4,3.0,0.006212713323728358
757,ibm_sherbrooke,ecr,33,39.0,0.003998219087148369
758,ibm_sherbrooke,ecr,59,58.0,0.012229453789472045
759,ibm_sherbrooke,ecr,69,68.0,0.007525637629315185
760,ibm_sherbrooke,ecr,124,123.0,0.012047052843904504
761,ibm_sherbrooke,ecr,101,100.0,0.005726195380003185
762,ibm_sherbrooke,ecr,95,96.0,0.007915738586888044
763,ibm_sherbrooke,ecr,106,105.0,0.12974273507562312
764,ibm_sherbrooke,ecr,10,9.0,0.006325259211858891
765,ibm_sherbrooke,ecr,111,104.0,0.007925819835093051
766,ibm_sherbrooke,ecr,47,46.0,0.004208399311068978
767,ibm_sherbrooke,ecr,63,64.0,0.006047136217139537
768,ibm_sherbrooke,ecr,6,5.0,0.00689066363608587
769,ibm_sherbrooke,ecr,71,77.0,0.007124925188314424
770,ibm_sherbrooke,ecr,43,42.0,0.007172611631318715
771,ibm_sherbrooke,ecr,59,60.0,0.003936096453374838
772,ibm_sherbrooke,ecr,69,70.0,0.0073518008496979426
773,ibm_sherbrooke,ecr,35,47.0,0.003967011016280497
774,ibm_sherbrooke,ecr,101,102.0,0.006188267949315762
775,ibm_sherbrooke,ecr,80,79.0,0.005883211332140259
776,ibm_sherbrooke,ecr,34,24.0,0.011597561265650091
777,ibm_sherbrooke,ecr,10,11.0,0.003987092670858172
778,ibm_sherbrooke,ecr,66,65.0,0.005685043255187705
779,ibm_sherbrooke,ecr,54,45.0,0.02352388460749033
780,ibm_sherbrooke,ecr,37,38.0,0.013864355456692512
781,ibm_sherbrooke,ecr,102,103.0,0.009790838157736348
782,ibm_sherbrooke,ecr,92,102.0,0.007159484974777641
783,ibm_sherbrooke,ecr,7,6.0,0.01228734220064509
784,ibm_sherbrooke,ecr,67,66.0,0.014642436613603371
785,ibm_sherbrooke,ecr,43,44.0,0.006281434255020646
786,ibm_sherbrooke,ecr,22,15.0,0.004479740012734712
787,ibm_sherbrooke,ecr,104,103.0,0.009299981785713618
788,ibm_sherbrooke,ecr,122,111.0,0.012886840942106237
789,ibm_sherbrooke,ecr,40,39.0,0.00626883075166168
790,ibm_sherbrooke,ecr,68,55.0,0.06842584217283015
791,ibm_sherbrooke,ecr,11,12.0,0.005258288874910866
792,ibm_sherbrooke,ecr,110,100.0,0.007221366133018159
793,ibm_sherbrooke,ecr,45,44.0,0.008248308160374862
794,ibm_sherbrooke,ecr,7,8.0,0.01935483026454443
795,ibm_sherbrooke,ecr,53,60.0,0.012824889751815949
796,ibm_sherbrooke,id,0,,0.00019147042166093944
797,ibm_sherbrooke,id,1,,0.0002509236604963085
798,ibm_sherbrooke,id,2,,0.0012605127233552837
799,ibm_sherbrooke,id,3,,0.0003455097634542143
800,ibm_sherbrooke,id,4,,0.0002470773623417006
801,ibm_sherbrooke,id,5,,0.0008688729537230527
802,ibm_sherbrooke,id,6,,0.0002773815081241363
803,ibm_sherbrooke,id,7,,0.0010016598823748817
804,ibm_sherbrooke,id,8,,0.0005850872553505538
805,ibm_sherbrooke,id,9,,0.0003102720436936804
806,ibm_sherbrooke,id,10,,0.00015919240121863414
807,ibm_sherbrooke,id,11,,9.194310625696563e-05
808,ibm_sherbrooke,id,12,,0.0004350134364883522
809,ibm_sherbrooke,id,13,,0.0011520290551010766
810,ibm_sherbrooke,id,14,,0.0003217247012387411
811,ibm_sherbrooke,id,15,,0.0001316292437350546
812,ibm_sherbrooke,id,16,,0.0010726402632012318
813,ibm_sherbrooke,id,17,,0.0003409957175076184
814,ibm_sherbrooke,id,18,,0.00039683214235918337
815,ibm_sherbrooke,id,19,,0.0001299967306810393
816,ibm_sherbrooke,id,20,,0.0001872634287222244
817,ibm_sherbrooke,id,21,,0.00021077900272034098
818,ibm_sherbrooke,id,22,,0.00011266686379686935
819,ibm_sherbrooke,id,23,,0.0004248769836257661
820,ibm_sherbrooke,id,24,,0.0005704763899992149
821,ibm_sherbrooke,id,25,,0.0002616830234429085
822,ibm_sherbrooke,id,26,,0.00043631504933887
823,ibm_sherbrooke,id,27,,0.00011495288544258479
824,ibm_sherbrooke,id,28,,0.0005453787243521144
825,ibm_sherbrooke,id,29,,0.00017400587591003084
826,ibm_sherbrooke,id,30,,0.00016319267785621267
827,ibm_sherbrooke,id,31,,0.00018142067239528058
828,ibm_sherbrooke,id,32,,0.00012364133318224462
829,ibm_sherbrooke,id,33,,0.000149507173249108
830,ibm_sherbrooke,id,34,,0.0008517085936717451
831,ibm_sherbrooke,id,35,,0.00012484053173893202
832,ibm_sherbrooke,id,36,,0.00010923283891965743
833,ibm_sherbrooke,id,37,,0.0003095675468754233
834,ibm_sherbrooke,id,38,,0.0003447333027019926
835,ibm_sherbrooke,id,39,,0.00017365430506891642
836,ibm_sherbrooke,id,40,,0.0005132564755998079
837,ibm_sherbrooke,id,41,,0.00031652916902360286
838,ibm_sherbrooke,id,42,,0.0002868897347231968
839,ibm_sherbrooke,id,43,,0.00021670544085876004
840,ibm_sherbrooke,id,44,,0.00017596800847253336
841,ibm_sherbrooke,id,45,,0.0006807064123468941
842,ibm_sherbrooke,id,46,,0.00012648890233024482
843,ibm_sherbrooke,id,47,,0.00018604552567377038
844,ibm_sherbrooke,id,48,,0.00012969315236387017
845,ibm_sherbrooke,id,49,,0.0004375818907128259
846,ibm_sherbrooke,id,50,,0.0003979027379706878
847,ibm_sherbrooke,id,51,,0.00013016840429287596
848,ibm_sherbrooke,id,52,,0.0008366850429727825
849,ibm_sherbrooke,id,53,,0.00034578044770423183
850,ibm_sherbrooke,id,54,,0.00015800712609202722
851,ibm_sherbrooke,id,55,,0.002364506835778428
852,ibm_sherbrooke,id,56,,0.0006820360819289334
853,ibm_sherbrooke,id,57,,0.0053679436659514745
854,ibm_sherbrooke,id,58,,0.0007792463840705199
855,ibm_sherbrooke,id,59,,0.0001551001717888364
856,ibm_sherbrooke,id,60,,0.00017418308381637835
857,ibm_sherbrooke,id,61,,0.00016474869863869728
858,ibm_sherbrooke,id,62,,0.0004361773033842695
859,ibm_sherbrooke,id,63,,0.00020437060785069537
860,ibm_sherbrooke,id,64,,0.0002265602480550732
861,ibm_sherbrooke,id,65,,9.732606404726576e-05
862,ibm_sherbrooke,id,66,,0.0002293147649782413
863,ibm_sherbrooke,id,67,,0.00017968158069616702
864,ibm_sherbrooke,id,68,,0.00026328527054401925
865,ibm_sherbrooke,id,69,,0.000244811074447283
866,ibm_sherbrooke,id,70,,0.00016671691817689066
867,ibm_sherbrooke,id,71,,0.00019527341048931275
868,ibm_sherbrooke,id,72,,0.0001308579889798404
869,ibm_sherbrooke,id,73,,0.0001736081014371668
870,ibm_sherbrooke,id,74,,0.00016201967888171114
871,ibm_sherbrooke,id,75,,0.0002140524896683373
872,ibm_sherbrooke,id,76,,0.00012325773726660182
873,ibm_sherbrooke,id,77,,0.0003933998040025794
874,ibm_sherbrooke,id,78,,0.0002196979571413075
875,ibm_sherbrooke,id,79,,0.00014318738943614902
876,ibm_sherbrooke,id,80,,0.00020990865931297162
877,ibm_sherbrooke,id,81,,0.0007921458969043425
878,ibm_sherbrooke,id,82,,0.00011115961997392007
879,ibm_sherbrooke,id,83,,0.00041308243342512104
880,ibm_sherbrooke,id,84,,0.00013254217306935546
881,ibm_sherbrooke,id,85,,0.0010186191796896242
882,ibm_sherbrooke,id,86,,0.0002671478924371352
883,ibm_sherbrooke,id,87,,0.000268838185213794
884,ibm_sherbrooke,id,88,,0.0003094100503136741
885,ibm_sherbrooke,id,89,,0.00021037143498453865
886,ibm_sherbrooke,id,90,,0.0002511978526896381
887,ibm_sherbrooke,id,91,,0.00023880339447564258
888,ibm_sherbrooke,id,92,,0.0002225539640172686
889,ibm_sherbrooke,id,93,,0.0002652749094827453
890,ibm_sherbrooke,id,94,,0.00028257133531838045
891,ibm_sherbrooke,id,95,,0.0005173398321581149
892,ibm_sherbrooke,id,96,,0.0008171648971398781
893,ibm_sherbrooke,id,97,,0.00037465557026418103
894,ibm_sherbrooke,id,98,,0.0003192555371156862
895,ibm_sherbrooke,id,99,,0.00026921820363374897
896,ibm_sherbrooke,id,100,,0.00015355996536308396
897,ibm_sherbrooke,id,101,,0.00015545461808160526
898,ibm_sherbrooke,id,102,,0.00025352457593644636
899,ibm_sherbrooke,id,103,,0.00034658262572451995
900,ibm_sherbrooke,id,104,,0.0003449773955235668
901,ibm_sherbrooke,id,105,,0.010334273160437184
902,ibm_sherbrooke,id,106,,0.00029923206130981744
903,ibm_sherbrooke,id,107,,0.00033211266070776624
904,ibm_sherbrooke,id,108,,0.000140143239038916
905,ibm_sherbrooke,id,109,,0.00040947870562910366
906,ibm_sherbrooke,id,110,,0.00046303438452489107
907,ibm_sherbrooke,id,111,,0.00019668024903349513
908,ibm_sherbrooke,id,112,,0.0003492348642755424
909,ibm_sherbrooke,id,113,,0.00013192183771780925
910,ibm_sherbrooke,id,114,,0.0001678539532230527
911,ibm_sherbrooke,id,115,,0.035364241963077546
912,ibm_sherbrooke,id,116,,0.00014702042451948755
913,ibm_sherbrooke,id,117,,0.0006492465609530606
914,ibm_sherbrooke,id,118,,0.00025858274293654815
915,ibm_sherbrooke,id,119,,0.0014185353461344142
916,ibm_sherbrooke,id,120,,0.0001122404450496508
917,ibm_sherbrooke,id,121,,0.0001363911790207233
918,ibm_sherbrooke,id,122,,0.0005799286092861455
919,ibm_sherbrooke,id,123,,0.0004575322381391286
920,ibm_sherbrooke,id,124,,0.0001979933849372536
921,ibm_sherbrooke,id,125,,0.00020233816615574857
922,ibm_sherbrooke,id,126,,0.00011928298256628963
923,ibm_sherbrooke,rz,0,,0.0
924,ibm_sherbrooke,rz,1,,0.0
925,ibm_sherbrooke,rz,2,,0.0
926,ibm_sherbrooke,rz,3,,0.0
927,ibm_sherbrooke,rz,4,,0.0
928,ibm_sherbrooke,rz,5,,0.0
929,ibm_sherbrooke,rz,6,,0.0
930,ibm_sherbrooke,rz,7,,0.0
931,ibm_sherbrooke,rz,8,,0.0
932,ibm_sherbrooke,rz,9,,0.0
933,ibm_sherbrooke,rz,10,,0.0
934,ibm_sherbrooke,rz,11,,0.0
935,ibm_sherbrooke,rz,12,,0.0
936,ibm_sherbrooke,rz,13,,0.0
937,ibm_sherbrooke,rz,14,,0.0
938,ibm_sherbrooke,rz,15,,0.0
939,ibm_sherbrooke,rz,16,,0.0
940,ibm_sherbrooke,rz,17,,0.0
941,ibm_sherbrooke,rz,18,,0.0
942,ibm_sherbrooke,rz,19,,0.0
943,ibm_sherbrooke,rz,20,,0.0
944,ibm_sherbrooke,rz,21,,0.0
945,ibm_sherbrooke,rz,22,,0.0
946,ibm_sherbrooke,rz,23,,0.0
947,ibm_sherbrooke,rz,24,,0.0
948,ibm_sherbrooke,rz,25,,0.0
949,ibm_sherbrooke,rz,26,,0.0
950,ibm_sherbrooke,rz,27,,0.0
951,ibm_sherbrooke,rz,28,,0.0
952,ibm_sherbrooke,rz,29,,0.0
953,ibm_sherbrooke,rz,30,,0.0
954,ibm_sherbrooke,rz,31,,0.0
955,ibm_sherbrooke,rz,32,,0.0
956,ibm_sherbrooke,rz,33,,0.0
957,ibm_sherbrooke,rz,34,,0.0
958,ibm_sherbrooke,rz,35,,0.0
959,ibm_sherbrooke,rz,36,,0.0
960,ibm_sherbrooke,rz,37,,0.0
961,ibm_sherbrooke,rz,38,,0.0
962,ibm_sherbrooke,rz,39,,0.0
963,ibm_sherbrooke,rz,40,,0.0
964,ibm_sherbrooke,rz,41,,0.0
965,ibm_sherbrooke,rz,42,,0.0
966,ibm_sherbrooke,rz,43,,0.0
967,ibm_sherbrooke,rz,44,,0.0
968,ibm_sherbrooke,rz,45,,0.0
969,ibm_sherbrooke,rz,46,,0.0
970,ibm_sherbrooke,rz,47,,0.0
971,ibm_sherbrooke,rz,48,,0.0
972,ibm_sherbrooke,rz,49,,0.0
973,ibm_sherbrooke,rz,50,,0.0
974,ibm_sherbrooke,rz,51,,0.0
975,ibm_sherbrooke,rz,52,,0.0
976,ibm_sherbrooke,rz,53,,0.0
977,ibm_sherbrooke,rz,54,,0.0
978,ibm_sherbrooke,rz,55,,0.0
979,ibm_sherbrooke,rz,56,,0.0
980,ibm_sherbrooke,rz,57,,0.0
981,ibm_sherbrooke,rz,58,,0.0
982,ibm_sherbrooke,rz,59,,0.0
983,ibm_sherbrooke,rz,60,,0.0
984,ibm_sherbrooke,rz,61,,0.0
985,ibm_sherbrooke,rz,62,,0.0
986,ibm_sherbrooke,rz,63,,0.0
987,ibm_sherbrooke,rz,64,,0.0
988,ibm_sherbrooke,rz,65,,0.0
989,ibm_sherbrooke,rz,66,,0.0
990,ibm_sherbrooke,rz,67,,0.0
991,ibm_sherbrooke,rz,68,,0.0
992,ibm_sherbrooke,rz,69,,0.0
993,ibm_sherbrooke,rz,70,,0.0
994,ibm_sherbrooke,rz,71,,0.0
995,ibm_sherbrooke,rz,72,,0.0
996,ibm_sherbrooke,rz,73,,0.0
997,ibm_sherbrooke,rz,74,,0.0
998,ibm_sherbrooke,rz,75,,0.0
999,ibm_sherbrooke,rz,76,,0.0
1000,ibm_sherbrooke,rz,77,,0.0
1001,ibm_sherbrooke,rz,78,,0.0
1002,ibm_sherbrooke,rz,79,,0.0
1003,ibm_sherbrooke,rz,80,,0.0
1004,ibm_sherbrooke,rz,81,,0.0
1005,ibm_sherbrooke,rz,82,,0.0
1006,ibm_sherbrooke,rz,83,,0.0
1007,ibm_sherbrooke,rz,84,,0.0
1008,ibm_sherbrooke,rz,85,,0.0
1009,ibm_sherbrooke,rz,86,,0.0
1010,ibm_sherbrooke,rz,87,,0.0
1011,ibm_sherbrooke,rz,88,,0.0
1012,ibm_sherbrooke,rz,89,,0.0
1013,ibm_sherbrooke,rz,90,,0.0
1014,ibm_sherbrooke,rz,91,,0.0
1015,ibm_sherbrooke,rz,92,,0.0
1016,ibm_sherbrooke,rz,93,,0.0
1017,ibm_sherbrooke,rz,94,,0.0
1018,ibm_sherbrooke,rz,95,,0.0
1019,ibm_sherbrooke,rz,96,,0.0
1020,ibm_sherbrooke,rz,97,,0.0
1021,ibm_sherbrooke,rz,98,,0.0
1022,ibm_sherbrooke,rz,99,,0.0
1023,ibm_sherbrooke,rz,100,,0.0
1024,ibm_sherbrooke,rz,101,,0.0
1025,ibm_sherbrooke,rz,102,,0.0
1026,ibm_sherbrooke,rz,103,,0.0
1027,ibm_sherbrooke,rz,104,,0.0
1028,ibm_sherbrooke,rz,105,,0.0
1029,ibm_sherbrooke,rz,106,,0.0
1030,ibm_sherbrooke,rz,107,,0.0
1031,ibm_sherbrooke,rz,108,,0.0
1032,ibm_sherbrooke,rz,109,,0.0
1033,ibm_sherbrooke,rz,110,,0.0
1034,ibm_sherbrooke,rz,111,,0.0
1035,ibm_sherbrooke,rz,112,,0.0
1036,ibm_sherbrooke,rz,113,,0.0
1037,ibm_sherbrooke,rz,114,,0.0
1038,ibm_sherbrooke,rz,115,,0.0
1039,ibm_sherbrooke,rz,116,,0.0
1040,ibm_sherbrooke,rz,117,,0.0
1041,ibm_sherbrooke,rz,118,,0.0
1042,ibm_sherbrooke,rz,119,,0.0
1043,ibm_sherbrooke,rz,120,,0.0
1044,ibm_sherbrooke,rz,121,,0.0
1045,ibm_sherbrooke,rz,122,,0.0
1046,ibm_sherbrooke,rz,123,,0.0
1047,ibm_sherbrooke,rz,124,,0.0
1048,ibm_sherbrooke,rz,125,,0.0
1049,ibm_sherbrooke,rz,126,,0.0
1050,ibm_sherbrooke,sx,0,,0.00019147042166093944
1051,ibm_sherbrooke,sx,1,,0.0002509236604963085
1052,ibm_sherbrooke,sx,2,,0.0012605127233552837
1053,ibm_sherbrooke,sx,3,,0.0003455097634542143
1054,ibm_sherbrooke,sx,4,,0.0002470773623417006
1055,ibm_sherbrooke,sx,5,,0.0008688729537230527
1056,ibm_sherbrooke,sx,6,,0.0002773815081241363
1057,ibm_sherbrooke,sx,7,,0.0010016598823748817
1058,ibm_sherbrooke,sx,8,,0.0005850872553505538
1059,ibm_sherbrooke,sx,9,,0.0003102720436936804
1060,ibm_sherbrooke,sx,10,,0.00015919240121863414
1061,ibm_sherbrooke,sx,11,,9.194310625696563e-05
1062,ibm_sherbrooke,sx,12,,0.0004350134364883522
1063,ibm_sherbrooke,sx,13,,0.0011520290551010766
1064,ibm_sherbrooke,sx,14,,0.0003217247012387411
1065,ibm_sherbrooke,sx,15,,0.0001316292437350546
1066,ibm_sherbrooke,sx,16,,0.0010726402632012318
1067,ibm_sherbrooke,sx,17,,0.0003409957175076184
1068,ibm_sherbrooke,sx,18,,0.00039683214235918337
1069,ibm_sherbrooke,sx,19,,0.0001299967306810393
1070,ibm_sherbrooke,sx,20,,0.0001872634287222244
1071,ibm_sherbrooke,sx,21,,0.00021077900272034098
1072,ibm_sherbrooke,sx,22,,0.00011266686379686935
1073,ibm_sherbrooke,sx,23,,0.0004248769836257661
1074,ibm_sherbrooke,sx,24,,0.0005704763899992149
1075,ibm_sherbrooke,sx,25,,0.0002616830234429085
1076,ibm_sherbrooke,sx,26,,0.00043631504933887
1077,ibm_sherbrooke,sx,27,,0.00011495288544258479
1078,ibm_sherbrooke,sx,28,,0.0005453787243521144
1079,ibm_sherbrooke,sx,29,,0.00017400587591003084
1080,ibm_sherbrooke,sx,30,,0.00016319267785621267
1081,ibm_sherbrooke,sx,31,,0.00018142067239528058
1082,ibm_sherbrooke,sx,32,,0.00012364133318224462
1083,ibm_sherbrooke,sx,33,,0.000149507173249108
1084,ibm_sherbrooke,sx,34,,0.0008517085936717451
1085,ibm_sherbrooke,sx,35,,0.00012484053173893202
1086,ibm_sherbrooke,sx,36,,0.00010923283891965743
1087,ibm_sherbrooke,sx,37,,0.0003095675468754233
1088,ibm_sherbrooke,sx,38,,0.0003447333027019926
1089,ibm_sherbrooke,sx,39,,0.00017365430506891642
1090,ibm_sherbrooke,sx,40,,0.0005132564755998079
1091,ibm_sherbrooke,sx,41,,0.00031652916902360286
1092,ibm_sherbrooke,sx,42,,0.0002868897347231968
1093,ibm_sherbrooke,sx,43,,0.00021670544085876004
1094,ibm_sherbrooke,sx,44,,0.00017596800847253336
1095,ibm_sherbrooke,sx,45,,0.0006807064123468941
1096,ibm_sherbrooke,sx,46,,0.00012648890233024482
1097,ibm_sherbrooke,sx,47,,0.00018604552567377038
1098,ibm_sherbrooke,sx,48,,0.00012969315236387017
1099,ibm_sherbrooke,sx,49,,0.0004375818907128259
1100,ibm_sherbrooke,sx,50,,0.0003979027379706878
1101,ibm_sherbrooke,sx,51,,0.00013016840429287596
1102,ibm_sherbrooke,sx,52,,0.0008366850429727825
1103,ibm_sherbrooke,sx,53,,0.00034578044770423183
1104,ibm_sherbrooke,sx,54,,0.00015800712609202722
1105,ibm_sherbrooke,sx,55,,0.002364506835778428
1106,ibm_sherbrooke,sx,56,,0.0006820360819289334
1107,ibm_sherbrooke,sx,57,,0.0053679436659514745
1108,ibm_sherbrooke,sx,58,,0.0007792463840705199
1109,ibm_sherbrooke,sx,59,,0.0001551001717888364
1110,ibm_sherbrooke,sx,60,,0.00017418308381637835
1111,ibm_sherbrooke,sx,61,,0.00016474869863869728
1112,ibm_sherbrooke,sx,62,,0.0004361773033842695
1113,ibm_sherbrooke,sx,63,,0.00020437060785069537
1114,ibm_sherbrooke,sx,64,,0.0002265602480550732
1115,ibm_sherbrooke,sx,65,,9.732606404726576e-05
1116,ibm_sherbrooke,sx,66,,0.0002293147649782413
1117,ibm_sherbrooke,sx,67,,0.00017968158069616702
1118,ibm_sherbrooke,sx,68,,0.00026328527054401925
1119,ibm_sherbrooke,sx,69,,0.000244811074447283
1120,ibm_sherbrooke,sx,70,,0.00016671691817689066
1121,ibm_sherbrooke,sx,71,,0.00019527341048931275
1122,ibm_sherbrooke,sx,72,,0.0001308579889798404
1123,ibm_sherbrooke,sx,73,,0.0001736081014371668
1124,ibm_sherbrooke,sx,74,,0.00016201967888171114
1125,ibm_sherbrooke,sx,75,,0.0002140524896683373
1126,ibm_sherbrooke,sx,76,,0.00012325773726660182
1127,ibm_sherbrooke,sx,77,,0.0003933998040025794
1128,ibm_sherbrooke,sx,78,,0.0002196979571413075
1129,ibm_sherbrooke,sx,79,,0.00014318738943614902
1130,ibm_sherbrooke,sx,80,,0.00020990865931297162
1131,ibm_sherbrooke,sx,81,,0.0007921458969043425
1132,ibm_sherbrooke,sx,82,,0.00011115961997392007
1133,ibm_sherbrooke,sx,83,,0.00041308243342512104
1134,ibm_sherbrooke,sx,84,,0.00013254217306935546
1135,ibm_sherbrooke,sx,85,,0.0010186191796896242
1136,ibm_sherbrooke,sx,86,,0.0002671478924371352
1137,ibm_sherbrooke,sx,87,,0.000268838185213794
1138,ibm_sherbrooke,sx,88,,0.0003094100503136741
1139,ibm_sherbrooke,sx,89,,0.00021037143498453865
1140,ibm_sherbrooke,sx,90,,0.0002511978526896381
1141,ibm_sherbrooke,sx,91,,0.00023880339447564258
1142,ibm_sherbrooke,sx,92,,0.0002225539640172686
1143,ibm_sherbrooke,sx,93,,0.0002652749094827453
1144,ibm_sherbrooke,sx,94,,0.00028257133531838045
1145,ibm_sherbrooke,sx,95,,0.0005173398321581149
1146,ibm_sherbrooke,sx,96,,0.0008171648971398781
1147,ibm_sherbrooke,sx,97,,0.00037465557026418103
1148,ibm_sherbrooke,sx,98,,0.0003192555371156862
1149,ibm_sherbrooke,sx,99,,0.00026921820363374897
1150,ibm_sherbrooke,sx,100,,0.00015355996536308396
1151,ibm_sherbrooke,sx,101,,0.00015545461808160526
1152,ibm_sherbrooke,sx,102,,0.00025352457593644636
1153,ibm_sherbrooke,sx,103,,0.00034658262572451995
1154,ibm_sherbrooke,sx,104,,0.0003449773955235668
1155,ibm_sherbrooke,sx,105,,0.010334273160437184
1156,ibm_sherbrooke,sx,106,,0.00029923206130981744
1157,ibm_sherbrooke,sx,107,,0.00033211266070776624
1158,ibm_sherbrooke,sx,108,,0.000140143239038916
1159,ibm_sherbrooke,sx,109,,0.00040947870562910366
1160,ibm_sherbrooke,sx,110,,0.00046303438452489107
1161,ibm_sherbrooke,sx,111,,0.00019668024903349513
1162,ibm_sherbrooke,sx,112,,0.0003492348642755424
1163,ibm_sherbrooke,sx,113,,0.00013192183771780925
1164,ibm_sherbrooke,sx,114,,0.0001678539532230527
1165,ibm_sherbrooke,sx,115,,0.035364241963077546
1166,ibm_sherbrooke,sx,116,,0.00014702042451948755
1167,ibm_sherbrooke,sx,117,,0.0006492465609530606
1168,ibm_sherbrooke,sx,118,,0.00025858274293654815
1169,ibm_sherbrooke,sx,119,,0.0014185353461344142
1170,ibm_sherbrooke,sx,120,,0.0001122404450496508
1171,ibm_sherbrooke,sx,121,,0.0001363911790207233
1172,ibm_sherbrooke,sx,122,,0.0005799286092861455
1173,ibm_sherbrooke,sx,123,,0.0004575322381391286
1174,ibm_sherbrooke,sx,124,,0.0001979933849372536
1175,ibm_sherbrooke,sx,125,,0.00020233816615574857
1176,ibm_sherbrooke,sx,126,,0.00011928298256628963
1177,ibm_sherbrooke,x,0,,0.00019147042166093944
1178,ibm_sherbrooke,x,1,,0.0002509236604963085
1179,ibm_sherbrooke,x,2,,0.0012605127233552837
1180,ibm_sherbrooke,x,3,,0.0003455097634542143
1181,ibm_sherbrooke,x,4,,0.0002470773623417006
1182,ibm_sherbrooke,x,5,,0.0008688729537230527
1183,ibm_sherbrooke,x,6,,0.0002773815081241363
1184,ibm_sherbrooke,x,7,,0.0010016598823748817
1185,ibm_sherbrooke,x,8,,0.0005850872553505538
1186,ibm_sherbrooke,x,9,,0.0003102720436936804
1187,ibm_sherbrooke,x,10,,0.00015919240121863414
1188,ibm_sherbrooke,x,11,,9.194310625696563e-05
1189,ibm_sherbrooke,x,12,,0.0004350134364883522
1190,ibm_sherbrooke,x,13,,0.0011520290551010766
1191,ibm_sherbrooke,x,14,,0.0003217247012387411
1192,ibm_sherbrooke,x,15,,0.0001316292437350546
1193,ibm_sherbrooke,x,16,,0.0010726402632012318
1194,ibm_sherbrooke,x,17,,0.0003409957175076184
1195,ibm_sherbrooke,x,18,,0.00039683214235918337
1196,ibm_sherbrooke,x,19,,0.0001299967306810393
1197,ibm_sherbrooke,x,20,,0.0001872634287222244
1198,ibm_sherbrooke,x,21,,0.00021077900272034098
1199,ibm_sherbrooke,x,22,,0.00011266686379686935
1200,ibm_sherbrooke,x,23,,0.0004248769836257661
1201,ibm_sherbrooke,x,24,,0.0005704763899992149
1202,ibm_sherbrooke,x,25,,0.0002616830234429085
1203,ibm_sherbrooke,x,26,,0.00043631504933887
1204,ibm_sherbrooke,x,27,,0.00011495288544258479
1205,ibm_sherbrooke,x,28,,0.0005453787243521144
1206,ibm_sherbrooke,x,29,,0.00017400587591003084
1207,ibm_sherbrooke,x,30,,0.00016319267785621267
1208,ibm_sherbrooke,x,31,,0.00018142067239528058
1209,ibm_sherbrooke,x,32,,0.00012364133318224462
1210,ibm_sherbrooke,x,33,,0.000149507173249108
1211,ibm_sherbrooke,x,34,,0.0008517085936717451
1212,ibm_sherbrooke,x,35,,0.00012484053173893202
1213,ibm_sherbrooke,x,36,,0.00010923283891965743
1214,ibm_sherbrooke,x,37,,0.0003095675468754233
1215,ibm_sherbrooke,x,38,,0.0003447333027019926
1216,ibm_sherbrooke,x,39,,0.00017365430506891642
1217,ibm_sherbrooke,x,40,,0.0005132564755998079
1218,ibm_sherbrooke,x,41,,0.00031652916902360286
1219,ibm_sherbrooke,x,42,,0.0002868897347231968
1220,ibm_sherbrooke,x,43,,0.00021670544085876004
1221,ibm_sherbrooke,x,44,,0.00017596800847253336
1222,ibm_sherbrooke,x,45,,0.0006807064123468941
1223,ibm_sherbrooke,x,46,,0.00012648890233024482
1224,ibm_sherbrooke,x,47,,0.00018604552567377038
1225,ibm_sherbrooke,x,48,,0.00012969315236387017
1226,ibm_sherbrooke,x,49,,0.0004375818907128259
1227,ibm_sherbrooke,x,50,,0.0003979027379706878
1228,ibm_sherbrooke,x,51,,0.00013016840429287596
1229,ibm_sherbrooke,x,52,,0.0008366850429727825
1230,ibm_sherbrooke,x,53,,0.00034578044770423183
1231,ibm_sherbrooke,x,54,,0.00015800712609202722
1232,ibm_sherbrooke,x,55,,0.002364506835778428
1233,ibm_sherbrooke,x,56,,0.0006820360819289334
1234,ibm_sherbrooke,x,57,,0.0053679436659514745
1235,ibm_sherbrooke,x,58,,0.0007792463840705199
1236,ibm_sherbrooke,x,59,,0.0001551001717888364
1237,ibm_sherbrooke,x,60,,0.00017418308381637835
1238,ibm_sherbrooke,x,61,,0.00016474869863869728
1239,ibm_sherbrooke,x,62,,0.0004361773033842695
1240,ibm_sherbrooke,x,63,,0.00020437060785069537
1241,ibm_sherbrooke,x,64,,0.0002265602480550732
1242,ibm_sherbrooke,x,65,,9.732606404726576e-05
1243,ibm_sherbrooke,x,66,,0.0002293147649782413
1244,ibm_sherbrooke,x,67,,0.00017968158069616702
1245,ibm_sherbrooke,x,68,,0.00026328527054401925
1246,ibm_sherbrooke,x,69,,0.000244811074447283
1247,ibm_sherbrooke,x,70,,0.00016671691817689066
1248,ibm_sherbrooke,x,71,,0.00019527341048931275
1249,ibm_sherbrooke,x,72,,0.0001308579889798404
1250,ibm_sherbrooke,x,73,,0.0001736081014371668
1251,ibm_sherbrooke,x,74,,0.00016201967888171114
1252,ibm_sherbrooke,x,75,,0.0002140524896683373
1253,ibm_sherbrooke,x,76,,0.00012325773726660182
1254,ibm_sherbrooke,x,77,,0.0003933998040025794
1255,ibm_sherbrooke,x,78,,0.0002196979571413075
1256,ibm_sherbrooke,x,79,,0.00014318738943614902
1257,ibm_sherbrooke,x,80,,0.00020990865931297162
1258,ibm_sherbrooke,x,81,,0.0007921458969043425
1259,ibm_sherbrooke,x,82,,0.00011115961997392007
1260,ibm_sherbrooke,x,83,,0.00041308243342512104
1261,ibm_sherbrooke,x,84,,0.00013254217306935546
1262,ibm_sherbrooke,x,85,,0.0010186191796896242
1263,ibm_sherbrooke,x,86,,0.0002671478924371352
1264,ibm_sherbrooke,x,87,,0.000268838185213794
1265,ibm_sherbrooke,x,88,,0.0003094100503136741
1266,ibm_sherbrooke,x,89,,0.00021037143498453865
1267,ibm_sherbrooke,x,90,,0.0002511978526896381
1268,ibm_sherbrooke,x,91,,0.00023880339447564258
1269,ibm_sherbrooke,x,92,,0.0002225539640172686
1270,ibm_sherbrooke,x,93,,0.0002652749094827453
1271,ibm_sherbrooke,x,94,,0.00028257133531838045
1272,ibm_sherbrooke,x,95,,0.0005173398321581149
1273,ibm_sherbrooke,x,96,,0.0008171648971398781
1274,ibm_sherbrooke,x,97,,0.00037465557026418103
1275,ibm_sherbrooke,x,98,,0.0003192555371156862
1276,ibm_sherbrooke,x,99,,0.00026921820363374897
1277,ibm_sherbrooke,x,100,,0.00015355996536308396
1278,ibm_sherbrooke,x,101,,0.00015545461808160526
1279,ibm_sherbrooke,x,102,,0.00025352457593644636
1280,ibm_sherbrooke,x,103,,0.00034658262572451995
1281,ibm_sherbrooke,x,104,,0.0003449773955235668
1282,ibm_sherbrooke,x,105,,0.010334273160437184
1283,ibm_sherbrooke,x,106,,0.00029923206130981744
1284,ibm_sherbrooke,x,107,,0.00033211266070776624
1285,ibm_sherbrooke,x,108,,0.000140143239038916
1286,ibm_sherbrooke,x,109,,0.00040947870562910366
1287,ibm_sherbrooke,x,110,,0.00046303438452489107
1288,ibm_sherbrooke,x,111,,0.00019668024903349513
1289,ibm_sherbrooke,x,112,,0.0003492348642755424
1290,ibm_sherbrooke,x,113,,0.00013192183771780925
1291,ibm_sherbrooke,x,114,,0.0001678539532230527
1292,ibm_sherbrooke,x,115,,0.035364241963077546
1293,ibm_sherbrooke,x,116,,0.00014702042451948755
1294,ibm_sherbrooke,x,117,,0.0006492465609530606
1295,ibm_sherbrooke,x,118,,0.00025858274293654815
1296,ibm_sherbrooke,x,119,,0.0014185353461344142
1297,ibm_sherbrooke,x,120,,0.0001122404450496508
1298,ibm_sherbrooke,x,121,,0.0001363911790207233
1299,ibm_sherbrooke,x,122,,0.0005799286092861455
1300,ibm_sherbrooke,x,123,,0.0004575322381391286
1301,ibm_sherbrooke,x,124,,0.0001979933849372536
1302,ibm_sherbrooke,x,125,,0.00020233816615574857
1303,ibm_sherbrooke,x,126,,0.00011928298256628963
1304,ibm_brisbane,ecr,62,72.0,0.009856729769666228
1305,ibm_brisbane,ecr,67,68.0,0.007519182338125652
1306,ibm_brisbane,ecr,44,45.0,0.025003378232880236
1307,ibm_brisbane,ecr,108,112.0,0.007556504410457632
1308,ibm_brisbane,ecr,8,9.0,0.010989020338065592
1309,ibm_brisbane,ecr,40,41.0,0.018593617375653515
1310,ibm_brisbane,ecr,85,73.0,0.0051007273954817856
1311,ibm_brisbane,ecr,114,109.0,0.005391977114037216
1312,ibm_brisbane,ecr,17,30.0,0.00520861826016733
1313,ibm_brisbane,ecr,100,110.0,0.009826745869632891
1314,ibm_brisbane,ecr,75,90.0,0.014695386803566302
1315,ibm_brisbane,ecr,42,41.0,0.007110336644953197
1316,ibm_brisbane,ecr,18,19.0,0.003468844420504491
1317,ibm_brisbane,ecr,55,68.0,0.005535756603460507
1318,ibm_brisbane,ecr,107,106.0,0.00638496723981663
1319,ibm_brisbane,ecr,48,47.0,0.006521009842796466
1320,ibm_brisbane,ecr,85,84.0,0.09597171364343027
1321,ibm_brisbane,ecr,26,25.0,0.038151103116577045
1322,ibm_brisbane,ecr,42,43.0,0.0054102778490952574
1323,ibm_brisbane,ecr,108,107.0,0.006116777944841445
1324,ibm_brisbane,ecr,77,76.0,0.00710364730684121
1325,ibm_brisbane,ecr,20,33.0,0.032553875990963876
1326,ibm_brisbane,ecr,48,49.0,0.008931862354605968
1327,ibm_brisbane,ecr,80,81.0,0.004506261722903637
1328,ibm_brisbane,ecr,85,86.0,0.005865397935860828
1329,ibm_brisbane,ecr,13,12.0,0.008259258794463764
1330,ibm_brisbane,ecr,16,8.0,0.022303910273066885
1331,ibm_brisbane,ecr,52,37.0,0.006660407724396411
1332,ibm_brisbane,ecr,50,49.0,0.012989742578428387
1333,ibm_brisbane,ecr,81,82.0,0.0064696331965296006
1334,ibm_brisbane,ecr,105,104.0,0.0082125517194917
1335,ibm_brisbane,ecr,16,26.0,0.05269883963027866
1336,ibm_brisbane,ecr,110,118.0,0.007899473666481693
1337,ibm_brisbane,ecr,118,119.0,0.006271273690721557
1338,ibm_brisbane,ecr,46,45.0,0.05123060141575353
1339,ibm_brisbane,ecr,22,23.0,0.00586398738974675
1340,ibm_brisbane,ecr,77,78.0,0.009263812622284207
1341,ibm_brisbane,ecr,74,70.0,0.0060694255421913645
1342,ibm_brisbane,ecr,114,115.0,0.008076505416191537
1343,ibm_brisbane,ecr,24,23.0,0.004337968320984986
1344,ibm_brisbane,ecr,79,78.0,0.004755425213736397
1345,ibm_brisbane,ecr,98,91.0,0.08971486404645407
1346,ibm_brisbane,ecr,50,51.0,0.011210285589608626
1347,ibm_brisbane,ecr,105,106.0,0.00686491838612896
1348,ibm_brisbane,ecr,82,83.0,0.006833947419332798
1349,ibm_brisbane,ecr,116,115.0,0.00573330230041591
1350,ibm_brisbane,ecr,20,19.0,0.003824323653394912
1351,ibm_brisbane,ecr,77,71.0,0.0062824619807244075
1352,ibm_brisbane,ecr,46,47.0,0.005619650751867489
1353,ibm_brisbane,ecr,91,79.0,0.07043907384203513
1354,ibm_brisbane,ecr,122,121.0,0.015162761579699147
1355,ibm_brisbane,ecr,55,49.0,0.00827875653622312
1356,ibm_brisbane,ecr,30,29.0,0.004533220661430137
1357,ibm_brisbane,ecr,79,80.0,0.0095715259921757
1358,ibm_brisbane,ecr,25,24.0,0.005477851778668996
1359,ibm_brisbane,ecr,56,57.0,0.0050154589943730565
1360,ibm_brisbane,ecr,93,106.0,0.00896157413682036
1361,ibm_brisbane,ecr,116,117.0,0.006186210742738563
1362,ibm_brisbane,ecr,21,20.0,0.011701752333406812
1363,ibm_brisbane,ecr,12,17.0,0.013134560124679617
1364,ibm_brisbane,ecr,41,53.0,0.006399934491733872
1365,ibm_brisbane,ecr,57,58.0,0.003910846488658304
1366,ibm_brisbane,ecr,109,96.0,0.007118289012901291
1367,ibm_brisbane,ecr,27,26.0,0.027498717998365896
1368,ibm_brisbane,ecr,30,31.0,0.010576192757458414
1369,ibm_brisbane,ecr,73,66.0,0.0071014332597914565
1370,ibm_brisbane,ecr,21,22.0,0.008027320347392675
1371,ibm_brisbane,ecr,58,71.0,0.004410062669673809
1372,ibm_brisbane,ecr,31,32.0,0.010126621406652159
1373,ibm_brisbane,ecr,4,15.0,0.01064412955116295
1374,ibm_brisbane,ecr,86,87.0,0.018983361345852268
1375,ibm_brisbane,ecr,97,96.0,0.005710755777520116
1376,ibm_brisbane,ecr,113,114.0,0.011359748576954043
1377,ibm_brisbane,ecr,1,0.0,0.004062315622273882
1378,ibm_brisbane,ecr,28,27.0,0.01060886588274279
1379,ibm_brisbane,ecr,34,43.0,0.004358346195055596
1380,ibm_brisbane,ecr,81,72.0,0.005552505603387103
1381,ibm_brisbane,ecr,54,64.0,0.0071722581914404615
1382,ibm_brisbane,ecr,120,119.0,0.009057379462112103
1383,ibm_brisbane,ecr,14,0.0,0.006458661717670622
1384,ibm_brisbane,ecr,32,36.0,0.008201064513853162
1385,ibm_brisbane,ecr,125,124.0,0.0066697658372812385
1386,ibm_brisbane,ecr,84,83.0,0.006630678478733387
1387,ibm_brisbane,ecr,60,61.0,0.012362684587140627
1388,ibm_brisbane,ecr,14,18.0,0.005444775477922104
1389,ibm_brisbane,ecr,87,88.0,0.03684147827967105
1390,ibm_brisbane,ecr,121,120.0,0.00975378779789099
1391,ibm_brisbane,ecr,97,98.0,0.009117979710625168
1392,ibm_brisbane,ecr,112,126.0,0.007840843508786555
1393,ibm_brisbane,ecr,2,1.0,0.006944846376344238
1394,ibm_brisbane,ecr,28,29.0,0.007188178157263525
1395,ibm_brisbane,ecr,62,61.0,0.006236297680195624
1396,ibm_brisbane,ecr,36,51.0,0.0058158236075074865
1397,ibm_brisbane,ecr,88,89.0,0.007789265697378145
1398,ibm_brisbane,ecr,99,98.0,0.007545496015124664
1399,ibm_brisbane,ecr,15,22.0,0.006825418557253271
1400,ibm_brisbane,ecr,3,2.0,0.013783913632892497
1401,ibm_brisbane,ecr,24,34.0,0.07022793310890624
1402,ibm_brisbane,ecr,93,87.0,0.03132334746325677
1403,ibm_brisbane,ecr,122,123.0,0.008144022978229637
1404,ibm_brisbane,ecr,62,63.0,0.007993677672997412
1405,ibm_brisbane,ecr,117,118.0,0.006286375859571092
1406,ibm_brisbane,ecr,94,95.0,1.0
1407,ibm_brisbane,ecr,58,59.0,0.006051294865379253
1408,ibm_brisbane,ecr,4,3.0,0.005140913963240401
1409,ibm_brisbane,ecr,33,39.0,0.006834781896033648
1410,ibm_brisbane,ecr,69,68.0,0.005419594264961858
1411,ibm_brisbane,ecr,124,123.0,0.00805201606386824
1412,ibm_brisbane,ecr,101,100.0,0.015455461684090621
1413,ibm_brisbane,ecr,95,96.0,0.050367953215103456
1414,ibm_brisbane,ecr,10,9.0,0.008353650134135249
1415,ibm_brisbane,ecr,65,64.0,0.006796321302559749
1416,ibm_brisbane,ecr,111,104.0,0.005695810111477462
1417,ibm_brisbane,ecr,63,64.0,0.006191621266263492
1418,ibm_brisbane,ecr,6,5.0,0.004948983603760504
1419,ibm_brisbane,ecr,4,5.0,0.0032767697043916133
1420,ibm_brisbane,ecr,59,60.0,0.009548661895059374
1421,ibm_brisbane,ecr,69,70.0,0.006210476852379243
1422,ibm_brisbane,ecr,35,47.0,0.005635742285738099
1423,ibm_brisbane,ecr,101,102.0,0.011095222332151822
1424,ibm_brisbane,ecr,39,38.0,0.008988756711697465
1425,ibm_brisbane,ecr,10,11.0,0.0058591651159832225
1426,ibm_brisbane,ecr,65,66.0,0.007420247297874882
1427,ibm_brisbane,ecr,54,45.0,0.03509264897726433
1428,ibm_brisbane,ecr,76,75.0,0.007606385313631614
1429,ibm_brisbane,ecr,37,38.0,0.008156609515269253
1430,ibm_brisbane,ecr,28,35.0,0.007453889764266863
1431,ibm_brisbane,ecr,94,90.0,0.01623415139410772
1432,ibm_brisbane,ecr,102,103.0,0.006041880189055937
1433,ibm_brisbane,ecr,92,102.0,0.007033986853145824
1434,ibm_brisbane,ecr,6,7.0,0.02444816890941398
1435,ibm_brisbane,ecr,67,66.0,0.008538153917552027
1436,ibm_brisbane,ecr,43,44.0,0.007738545769134464
1437,ibm_brisbane,ecr,52,56.0,0.006142273359113548
1438,ibm_brisbane,ecr,125,126.0,0.0090583900763197
1439,ibm_brisbane,ecr,104,103.0,0.005445856539850857
1440,ibm_brisbane,ecr,122,111.0,0.006631518402501813
1441,ibm_brisbane,ecr,40,39.0,0.014461265189769867
1442,ibm_brisbane,ecr,11,12.0,0.006444223425505657
1443,ibm_brisbane,ecr,100,99.0,0.02036262975059122
1444,ibm_brisbane,ecr,83,92.0,0.007721250397741186
1445,ibm_brisbane,ecr,74,89.0,0.007444544668341491
1446,ibm_brisbane,ecr,7,8.0,0.013229801698442123
1447,ibm_brisbane,ecr,53,60.0,0.008011379485392267
1448,ibm_brisbane,id,0,,0.0002079075843089033
1449,ibm_brisbane,id,1,,0.00010648557565413504
1450,ibm_brisbane,id,2,,0.00025440779065595825
1451,ibm_brisbane,id,3,,0.0002072569068531291
1452,ibm_brisbane,id,4,,0.0001279301912217803
1453,ibm_brisbane,id,5,,0.0001085240192518168
1454,ibm_brisbane,id,6,,0.00012921372130902242
1455,ibm_brisbane,id,7,,0.0008604419146665532
1456,ibm_brisbane,id,8,,0.00012207720531710054
1457,ibm_brisbane,id,9,,0.00014368883567127336
1458,ibm_brisbane,id,10,,0.0001652099073648181
1459,ibm_brisbane,id,11,,0.00020409354324868928
1460,ibm_brisbane,id,12,,0.0006693316525504587
1461,ibm_brisbane,id,13,,0.0002278522912368909
1462,ibm_brisbane,id,14,,0.00023690406739011537
1463,ibm_brisbane,id,15,,0.0004723598869707288
1464,ibm_brisbane,id,16,,0.00550875591285327
1465,ibm_brisbane,id,17,,0.0002634669511671356
1466,ibm_brisbane,id,18,,0.00011315988866514408
1467,ibm_brisbane,id,19,,0.001993120798784564
1468,ibm_brisbane,id,20,,0.0001322834941014326
1469,ibm_brisbane,id,21,,0.0006951075045149787
1470,ibm_brisbane,id,22,,0.00018748570357942176
1471,ibm_brisbane,id,23,,0.0002797182459924338
1472,ibm_brisbane,id,24,,0.00016418415111936805
1473,ibm_brisbane,id,25,,0.0005074232022641519
1474,ibm_brisbane,id,26,,0.0016851274117798043
1475,ibm_brisbane,id,27,,0.00015100060178703596
1476,ibm_brisbane,id,28,,0.00028744141707595877
1477,ibm_brisbane,id,29,,0.0001262973008484121
1478,ibm_brisbane,id,30,,0.00019568941263111998
1479,ibm_brisbane,id,31,,0.0015051190785234391
1480,ibm_brisbane,id,32,,0.00024529405604733546
1481,ibm_brisbane,id,33,,0.0003991456112005584
1482,ibm_brisbane,id,34,,9.132655611824889e-05
1483,ibm_brisbane,id,35,,0.00017075611711353335
1484,ibm_brisbane,id,36,,0.0001984853645663155
1485,ibm_brisbane,id,37,,0.00012022659500914166
1486,ibm_brisbane,id,38,,0.00048392824473276764
1487,ibm_brisbane,id,39,,0.00020709362199929592
1488,ibm_brisbane,id,40,,0.00022358357171929047
1489,ibm_brisbane,id,41,,0.00017384461126108828
1490,ibm_brisbane,id,42,,0.00022850817705678854
1491,ibm_brisbane,id,43,,0.00015116158211940335
1492,ibm_brisbane,id,44,,0.0003599711507656171
1493,ibm_brisbane,id,45,,0.00168656917041613
1494,ibm_brisbane,id,46,,0.00022235347057700337
1495,ibm_brisbane,id,47,,0.00021859576803943747
1496,ibm_brisbane,id,48,,0.00035054583548427856
1497,ibm_brisbane,id,49,,0.00029926236360259856
1498,ibm_brisbane,id,50,,0.0004104669262666027
1499,ibm_brisbane,id,51,,0.00020848527753391472
1500,ibm_brisbane,id,52,,0.00017222975718751002
1501,ibm_brisbane,id,53,,0.0001446753402603993
1502,ibm_brisbane,id,54,,0.00025319616697906455
1503,ibm_brisbane,id,55,,0.00016344554483304724
1504,ibm_brisbane,id,56,,0.0001902589238968966
1505,ibm_brisbane,id,57,,0.0005622029081367398
1506,ibm_brisbane,id,58,,0.0001223044765955763
1507,ibm_brisbane,id,59,,0.00027869215732849364
1508,ibm_brisbane,id,60,,0.0003680251251876025
1509,ibm_brisbane,id,61,,0.0006646200464474226
1510,ibm_brisbane,id,62,,0.00022309896891817464
1511,ibm_brisbane,id,63,,0.00021756623727404732
1512,ibm_brisbane,id,64,,0.0002455299467463605
1513,ibm_brisbane,id,65,,0.00017294314743056588
1514,ibm_brisbane,id,66,,0.00021359355674367423
1515,ibm_brisbane,id,67,,0.0002486763384687587
1516,ibm_brisbane,id,68,,0.00016699572645827794
1517,ibm_brisbane,id,69,,0.00023728015452650065
1518,ibm_brisbane,id,70,,0.00014235367974735707
1519,ibm_brisbane,id,71,,0.00016742018149197688
1520,ibm_brisbane,id,72,,0.00015239122952749053
1521,ibm_brisbane,id,73,,0.0001992982124936753
1522,ibm_brisbane,id,74,,0.00024220636612801738
1523,ibm_brisbane,id,75,,0.0002329682299604695
1524,ibm_brisbane,id,76,,0.00018039450195182983
1525,ibm_brisbane,id,77,,0.00020407622374972087
1526,ibm_brisbane,id,78,,0.0001869507816945022
1527,ibm_brisbane,id,79,,0.00022007348833597457
1528,ibm_brisbane,id,80,,0.00010107116507641522
1529,ibm_brisbane,id,81,,0.00013926331035433624
1530,ibm_brisbane,id,82,,0.00025875416582940217
1531,ibm_brisbane,id,83,,0.0002454299202858201
1532,ibm_brisbane,id,84,,0.0001825199401104565
1533,ibm_brisbane,id,85,,0.00022228200827824698
1534,ibm_brisbane,id,86,,0.0002269873124743923
1535,ibm_brisbane,id,87,,0.0022033177930275297
1536,ibm_brisbane,id,88,,0.0002506075118274581
1537,ibm_brisbane,id,89,,0.00018508808074825154
1538,ibm_brisbane,id,90,,0.00042553683207668356
1539,ibm_brisbane,id,91,,0.005003215788657466
1540,ibm_brisbane,id,92,,0.00023837081679993475
1541,ibm_brisbane,id,93,,0.00043759644568405396
1542,ibm_brisbane,id,94,,0.0005014860717080444
1543,ibm_brisbane,id,95,,0.003341574684028205
1544,ibm_brisbane,id,96,,0.00022196883012658709
1545,ibm_brisbane,id,97,,0.00025193540365543666
1546,ibm_brisbane,id,98,,0.001187827759302044
1547,ibm_brisbane,id,99,,0.00013998428478376537
1548,ibm_brisbane,id,100,,0.00022122171270353244
1549,ibm_brisbane,id,101,,0.0010122711657394932
1550,ibm_brisbane,id,102,,0.00019469523556855638
1551,ibm_brisbane,id,103,,0.00021329916049083825
1552,ibm_brisbane,id,104,,0.00017015685145125995
1553,ibm_brisbane,id,105,,0.0003268113776730519
1554,ibm_brisbane,id,106,,0.00015582287719502355
1555,ibm_brisbane,id,107,,0.00022835302192526227
1556,ibm_brisbane,id,108,,0.00023006333573823143
1557,ibm_brisbane,id,109,,0.0002510396587055105
1558,ibm_brisbane,id,110,,0.0004024340008595451
1559,ibm_brisbane,id,111,,0.00016415366509908488
1560,ibm_brisbane,id,112,,0.0002017533376762527
1561,ibm_brisbane,id,113,,0.0002442033569171029
1562,ibm_brisbane,id,114,,0.00010906298833171723
1563,ibm_brisbane,id,115,,0.00026522753012956886
1564,ibm_brisbane,id,116,,0.00011790034801687578
1565,ibm_brisbane,id,117,,0.00023725338322195657
1566,ibm_brisbane,id,118,,0.00037519497662111327
1567,ibm_brisbane,id,119,,0.0002868983258286824
1568,ibm_brisbane,id,120,,0.0003534851861452882
1569,ibm_brisbane,id,121,,0.00027630608480946835
1570,ibm_brisbane,id,122,,0.00028605294020040073
1571,ibm_brisbane,id,123,,0.00044606714049858073
1572,ibm_brisbane,id,124,,0.0001749732542607975
1573,ibm_brisbane,id,125,,0.00031394375572835756
1574,ibm_brisbane,id,126,,0.0001488795467243086
1575,ibm_brisbane,rz,0,,0.0
1576,ibm_brisbane,rz,1,,0.0
1577,ibm_brisbane,rz,2,,0.0
1578,ibm_brisbane,rz,3,,0.0
1579,ibm_brisbane,rz,4,,0.0
1580,ibm_brisbane,rz,5,,0.0
1581,ibm_brisbane,rz,6,,0.0
1582,ibm_brisbane,rz,7,,0.0
1583,ibm_brisbane,rz,8,,0.0
1584,ibm_brisbane,rz,9,,0.0
1585,ibm_brisbane,rz,10,,0.0
1586,ibm_brisbane,rz,11,,0.0
1587,ibm_brisbane,rz,12,,0.0
1588,ibm_brisbane,rz,13,,0.0
1589,ibm_brisbane,rz,14,,0.0
1590,ibm_brisbane,rz,15,,0.0
1591,ibm_brisbane,rz,16,,0.0
1592,ibm_brisbane,rz,17,,0.0
1593,ibm_brisbane,rz,18,,0.0
1594,ibm_brisbane,rz,19,,0.0
1595,ibm_brisbane,rz,20,,0.0
1596,ibm_brisbane,rz,21,,0.0
1597,ibm_brisbane,rz,22,,0.0
1598,ibm_brisbane,rz,23,,0.0
1599,ibm_brisbane,rz,24,,0.0
1600,ibm_brisbane,rz,25,,0.0
1601,ibm_brisbane,rz,26,,0.0
1602,ibm_brisbane,rz,27,,0.0
1603,ibm_brisbane,rz,28,,0.0
1604,ibm_brisbane,rz,29,,0.0
1605,ibm_brisbane,rz,30,,0.0
1606,ibm_brisbane,rz,31,,0.0
1607,ibm_brisbane,rz,32,,0.0
1608,ibm_brisbane,rz,33,,0.0
1609,ibm_brisbane,rz,34,,0.0
1610,ibm_brisbane,rz,35,,0.0
1611,ibm_brisbane,rz,36,,0.0
1612,ibm_brisbane,rz,37,,0.0
1613,ibm_brisbane,rz,38,,0.0
1614,ibm_brisbane,rz,39,,0.0
1615,ibm_brisbane,rz,40,,0.0
1616,ibm_brisbane,rz,41,,0.0
1617,ibm_brisbane,rz,42,,0.0
1618,ibm_brisbane,rz,43,,0.0
1619,ibm_brisbane,rz,44,,0.0
1620,ibm_brisbane,rz,45,,0.0
1621,ibm_brisbane,rz,46,,0.0
1622,ibm_brisbane,rz,47,,0.0
1623,ibm_brisbane,rz,48,,0.0
1624,ibm_brisbane,rz,49,,0.0
1625,ibm_brisbane,rz,50,,0.0
1626,ibm_brisbane,rz,51,,0.0
1627,ibm_brisbane,rz,52,,0.0
1628,ibm_brisbane,rz,53,,0.0
1629,ibm_brisbane,rz,54,,0.0
1630,ibm_brisbane,rz,55,,0.0
1631,ibm_brisbane,rz,56,,0.0
1632,ibm_brisbane,rz,57,,0.0
1633,ibm_brisbane,rz,58,,0.0
1634,ibm_brisbane,rz,59,,0.0
1635,ibm_brisbane,rz,60,,0.0
1636,ibm_brisbane,rz,61,,0.0
1637,ibm_brisbane,rz,62,,0.0
1638,ibm_brisbane,rz,63,,0.0
1639,ibm_brisbane,rz,64,,0.0
1640,ibm_brisbane,rz,65,,0.0
1641,ibm_brisbane,rz,66,,0.0
1642,ibm_brisbane,rz,67,,0.0
1643,ibm_brisbane,rz,68,,0.0
1644,ibm_brisbane,rz,69,,0.0
1645,ibm_brisbane,rz,70,,0.0
1646,ibm_brisbane,rz,71,,0.0
1647,ibm_brisbane,rz,72,,0.0
1648,ibm_brisbane,rz,73,,0.0
1649,ibm_brisbane,rz,74,,0.0
1650,ibm_brisbane,rz,75,,0.0
1651,ibm_brisbane,rz,76,,0.0
1652,ibm_brisbane,rz,77,,0.0
1653,ibm_brisbane,rz,78,,0.0
1654,ibm_brisbane,rz,79,,0.0
1655,ibm_brisbane,rz,80,,0.0
1656,ibm_brisbane,rz,81,,0.0
1657,ibm_brisbane,rz,82,,0.0
1658,ibm_brisbane,rz,83,,0.0
1659,ibm_brisbane,rz,84,,0.0
1660,ibm_brisbane,rz,85,,0.0
1661,ibm_brisbane,rz,86,,0.0
1662,ibm_brisbane,rz,87,,0.0
1663,ibm_brisbane,rz,88,,0.0
1664,ibm_brisbane,rz,89,,0.0
1665,ibm_brisbane,rz,90,,0.0
1666,ibm_brisbane,rz,91,,0.0
1667,ibm_brisbane,rz,92,,0.0
1668,ibm_brisbane,rz,93,,0.0
1669,ibm_brisbane,rz,94,,0.0
1670,ibm_brisbane,rz,95,,0.0
1671,ibm_brisbane,rz,96,,0.0
1672,ibm_brisbane,rz,97,,0.0
1673,ibm_brisbane,rz,98,,0.0
1674,ibm_brisbane,rz,99,,0.0
1675,ibm_brisbane,rz,100,,0.0
1676,ibm_brisbane,rz,101,,0.0
1677,ibm_brisbane,rz,102,,0.0
1678,ibm_brisbane,rz,103,,0.0
1679,ibm_brisbane,rz,104,,0.0
1680,ibm_brisbane,rz,105,,0.0
1681,ibm_brisbane,rz,106,,0.0
1682,ibm_brisbane,rz,107,,0.0
1683,ibm_brisbane,rz,108,,0.0
1684,ibm_brisbane,rz,109,,0.0
1685,ibm_brisbane,rz,110,,0.0
1686,ibm_brisbane,rz,111,,0.0
1687,ibm_brisbane,rz,112,,0.0
1688,ibm_brisbane,rz,113,,0.0
1689,ibm_brisbane,rz,114,,0.0
1690,ibm_brisbane,rz,115,,0.0
1691,ibm_brisbane,rz,116,,0.0
1692,ibm_brisbane,rz,117,,0.0
1693,ibm_brisbane,rz,118,,0.0
1694,ibm_brisbane,rz,119,,0.0
1695,ibm_brisbane,rz,120,,0.0
1696,ibm_brisbane,rz,121,,0.0
1697,ibm_brisbane,rz,122,,0.0
1698,ibm_brisbane,rz,123,,0.0
1699,ibm_brisbane,rz,124,,0.0
1700,ibm_brisbane,rz,125,,0.0
1701,ibm_brisbane,rz,126,,0.0
1702,ibm_brisbane,sx,0,,0.0002079075843089033
1703,ibm_brisbane,sx,1,,0.00010648557565413504
1704,ibm_brisbane,sx,2,,0.00025440779065595825
1705,ibm_brisbane,sx,3,,0.0002072569068531291
1706,ibm_brisbane,sx,4,,0.0001279301912217803
1707,ibm_brisbane,sx,5,,0.0001085240192518168
1708,ibm_brisbane,sx,6,,0.00012921372130902242
1709,ibm_brisbane,sx,7,,0.0008604419146665532
1710,ibm_brisbane,sx,8,,0.00012207720531710054
1711,ibm_brisbane,sx,9,,0.00014368883567127336
1712,ibm_brisbane,sx,10,,0.0001652099073648181
1713,ibm_brisbane,sx,11,,0.00020409354324868928
1714,ibm_brisbane,sx,12,,0.0006693316525504587
1715,ibm_brisbane,sx,13,,0.0002278522912368909
1716,ibm_brisbane,sx,14,,0.00023690406739011537
1717,ibm_brisbane,sx,15,,0.0004723598869707288
1718,ibm_brisbane,sx,16,,0.00550875591285327
1719,ibm_brisbane,sx,17,,0.0002634669511671356
1720,ibm_brisbane,sx,18,,0.00011315988866514408
1721,ibm_brisbane,sx,19,,0.001993120798784564
1722,ibm_brisbane,sx,20,,0.0001322834941014326
1723,ibm_brisbane,sx,21,,0.0006951075045149787
1724,ibm_brisbane,sx,22,,0.00018748570357942176
1725,ibm_brisbane,sx,23,,0.0002797182459924338
1726,ibm_brisbane,sx,24,,0.00016418415111936805
1727,ibm_brisbane,sx,25,,0.0005074232022641519
1728,ibm_brisbane,sx,26,,0.0016851274117798043
1729,ibm_brisbane,sx,27,,0.00015100060178703596
1730,ibm_brisbane,sx,28,,0.00028744141707595877
1731,ibm_brisbane,sx,29,,0.0001262973008484121
1732,ibm_brisbane,sx,30,,0.00019568941263111998
1733,ibm_brisbane,sx,31,,0.0015051190785234391
1734,ibm_brisbane,sx,32,,0.00024529405604733546
1735,ibm_brisbane,sx,33,,0.0003991456112005584
1736,ibm_brisbane,sx,34,,9.132655611824889e-05
1737,ibm_brisbane,sx,35,,0.00017075611711353335
1738,ibm_brisbane,sx,36,,0.0001984853645663155
1739,ibm_brisbane,sx,37,,0.00012022659500914166
1740,ibm_brisbane,sx,38,,0.00048392824473276764
1741,ibm_brisbane,sx,39,,0.00020709362199929592
1742,ibm_brisbane,sx,40,,0.00022358357171929047
1743,ibm_brisbane,sx,41,,0.00017384461126108828
1744,ibm_brisbane,sx,42,,0.00022850817705678854
1745,ibm_brisbane,sx,43,,0.00015116158211940335
1746,ibm_brisbane,sx,44,,0.0003599711507656171
1747,ibm_brisbane,sx,45,,0.00168656917041613
1748,ibm_brisbane,sx,46,,0.00022235347057700337
1749,ibm_brisbane,sx,47,,0.00021859576803943747
1750,ibm_brisbane,sx,48,,0.00035054583548427856
1751,ibm_brisbane,sx,49,,0.00029926236360259856
1752,ibm_brisbane,sx,50,,0.0004104669262666027
1753,ibm_brisbane,sx,51,,0.00020848527753391472
1754,ibm_brisbane,sx,52,,0.00017222975718751002
1755,ibm_brisbane,sx,53,,0.0001446753402603993
1756,ibm_brisbane,sx,54,,0.00025319616697906455
1757,ibm_brisbane,sx,55,,0.00016344554483304724
1758,ibm_brisbane,sx,56,,0.0001902589238968966
1759,ibm_brisbane,sx,57,,0.0005622029081367398
1760,ibm_brisbane,sx,58,,0.0001223044765955763
1761,ibm_brisbane,sx,59,,0.00027869215732849364
1762,ibm_brisbane,sx,60,,0.0003680251251876025
1763,ibm_brisbane,sx,61,,0.0006646200464474226
1764,ibm_brisbane,sx,62,,0.00022309896891817464
1765,ibm_brisbane,sx,63,,0.00021756623727404732
1766,ibm_brisbane,sx,64,,0.0002455299467463605
1767,ibm_brisbane,sx,65,,0.00017294314743056588
1768,ibm_brisbane,sx,66,,0.00021359355674367423
1769,ibm_brisbane,sx,67,,0.0002486763384687587
1770,ibm_brisbane,sx,68,,0.00016699572645827794
1771,ibm_brisbane,sx,69,,0.00023728015452650065
1772,ibm_brisbane,sx,70,,0.00014235367974735707
1773,ibm_brisbane,sx,71,,0.00016742018149197688
1774,ibm_brisbane,sx,72,,0.00015239122952749053
1775,ibm_brisbane,sx,73,,0.0001992982124936753
1776,ibm_brisbane,sx,74,,0.00024220636612801738
1777,ibm_brisbane,sx,75,,0.0002329682299604695
1778,ibm_brisbane,sx,76,,0.00018039450195182983
1779,ibm_brisbane,sx,77,,0.00020407622374972087
1780,ibm_brisbane,sx,78,,0.0001869507816945022
1781,ibm_brisbane,sx,79,,0.00022007348833597457
1782,ibm_brisbane,sx,80,,0.00010107116507641522
1783,ibm_brisbane,sx,81,,0.00013926331035433624
1784,ibm_brisbane,sx,82,,0.00025875416582940217
1785,ibm_brisbane,sx,83,,0.0002454299202858201
1786,ibm_brisbane,sx,84,,0.0001825199401104565
1787,ibm_brisbane,sx,85,,0.00022228200827824698
1788,ibm_brisbane,sx,86,,0.0002269873124743923
1789,ibm_brisbane,sx,87,,0.0022033177930275297
1790,ibm_brisbane,sx,88,,0.0002506075118274581
1791,ibm_brisbane,sx,89,,0.00018508808074825154
1792,ibm_brisbane,sx,90,,0.00042553683207668356
1793,ibm_brisbane,sx,91,,0.005003215788657466
1794,ibm_brisbane,sx,92,,0.00023837081679993475
1795,ibm_brisbane,sx,93,,0.00043759644568405396
1796,ibm_brisbane,sx,94,,0.0005014860717080444
1797,ibm_brisbane,sx,95,,0.003341574684028205
1798,ibm_brisbane,sx,96,,0.00022196883012658709
1799,ibm_brisbane,sx,97,,0.00025193540365543666
1800,ibm_brisbane,sx,98,,0.001187827759302044
1801,ibm_brisbane,sx,99,,0.00013998428478376537
1802,ibm_brisbane,sx,100,,0.00022122171270353244
1803,ibm_brisbane,sx,101,,0.0010122711657394932
1804,ibm_brisbane,sx,102,,0.00019469523556855638
1805,ibm_brisbane,sx,103,,0.00021329916049083825
1806,ibm_brisbane,sx,104,,0.00017015685145125995
1807,ibm_brisbane,sx,105,,0.0003268113776730519
1808,ibm_brisbane,sx,106,,0.00015582287719502355
1809,ibm_brisbane,sx,107,,0.00022835302192526227
1810,ibm_brisbane,sx,108,,0.00023006333573823143
1811,ibm_brisbane,sx,109,,0.0002510396587055105
1812,ibm_brisbane,sx,110,,0.0004024340008595451
1813,ibm_brisbane,sx,111,,0.00016415366509908488
1814,ibm_brisbane,sx,112,,0.0002017533376762527
1815,ibm_brisbane,sx,113,,0.0002442033569171029
1816,ibm_brisbane,sx,114,,0.00010906298833171723
1817,ibm_brisbane,sx,115,,0.00026522753012956886
1818,ibm_brisbane,sx,116,,0.00011790034801687578
1819,ibm_brisbane,sx,117,,0.00023725338322195657
1820,ibm_brisbane,sx,118,,0.00037519497662111327
1821,ibm_brisbane,sx,119,,0.0002868983258286824
1822,ibm_brisbane,sx,120,,0.0003534851861452882
1823,ibm_brisbane,sx,121,,0.00027630608480946835
1824,ibm_brisbane,sx,122,,0.00028605294020040073
1825,ibm_brisbane,sx,123,,0.00044606714049858073
1826,ibm_brisbane,sx,124,,0.0001749732542607975
1827,ibm_brisbane,sx,125,,0.00031394375572835756
1828,ibm_brisbane,sx,126,,0.0001488795467243086
1829,ibm_brisbane,x,0,,0.0002079075843089033
1830,ibm_brisbane,x,1,,0.00010648557565413504
1831,ibm_brisbane,x,2,,0.00025440779065595825
1832,ibm_brisbane,x,3,,0.0002072569068531291
1833,ibm_brisbane,x,4,,0.0001279301912217803
1834,ibm_brisbane,x,5,,0.0001085240192518168
1835,ibm_brisbane,x,6,,0.00012921372130902242
1836,ibm_brisbane,x,7,,0.0008604419146665532
1837,ibm_brisbane,x,8,,0.00012207720531710054
1838,ibm_brisbane,x,9,,0.00014368883567127336
1839,ibm_brisbane,x,10,,0.0001652099073648181
1840,ibm_brisbane,x,11,,0.00020409354324868928
1841,ibm_brisbane,x,12,,0.0006693316525504587
1842,ibm_brisbane,x,13,,0.0002278522912368909
1843,ibm_brisbane,x,14,,0.00023690406739011537
1844,ibm_brisbane,x,15,,0.0004723598869707288
1845,ibm_brisbane,x,16,,0.00550875591285327
1846,ibm_brisbane,x,17,,0.0002634669511671356
1847,ibm_brisbane,x,18,,0.00011315988866514408
1848,ibm_brisbane,x,19,,0.001993120798784564
1849,ibm_brisbane,x,20,,0.0001322834941014326
1850,ibm_brisbane,x,21,,0.0006951075045149787
1851,ibm_brisbane,x,22,,0.00018748570357942176
1852,ibm_brisbane,x,23,,0.0002797182459924338
1853,ibm_brisbane,x,24,,0.00016418415111936805
1854,ibm_brisbane,x,25,,0.0005074232022641519
1855,ibm_brisbane,x,26,,0.0016851274117798043
1856,ibm_brisbane,x,27,,0.00015100060178703596
1857,ibm_brisbane,x,28,,0.00028744141707595877
1858,ibm_brisbane,x,29,,0.0001262973008484121
1859,ibm_brisbane,x,30,,0.00019568941263111998
1860,ibm_brisbane,x,31,,0.0015051190785234391
1861,ibm_brisbane,x,32,,0.00024529405604733546
1862,ibm_brisbane,x,33,,0.0003991456112005584
1863,ibm_brisbane,x,34,,9.132655611824889e-05
1864,ibm_brisbane,x,35,,0.00017075611711353335
1865,ibm_brisbane,x,36,,0.0001984853645663155
1866,ibm_brisbane,x,37,,0.00012022659500914166
1867,ibm_brisbane,x,38,,0.00048392824473276764
1868,ibm_brisbane,x,39,,0.00020709362199929592
1869,ibm_brisbane,x,40,,0.00022358357171929047
1870,ibm_brisbane,x,41,,0.00017384461126108828
1871,ibm_brisbane,x,42,,0.00022850817705678854
1872,ibm_brisbane,x,43,,0.00015116158211940335
1873,ibm_brisbane,x,44,,0.0003599711507656171
1874,ibm_brisbane,x,45,,0.00168656917041613
1875,ibm_brisbane,x,46,,0.00022235347057700337
1876,ibm_brisbane,x,47,,0.00021859576803943747
1877,ibm_brisbane,x,48,,0.00035054583548427856
1878,ibm_brisbane,x,49,,0.00029926236360259856
1879,ibm_brisbane,x,50,,0.0004104669262666027
1880,ibm_brisbane,x,51,,0.00020848527753391472
1881,ibm_brisbane,x,52,,0.00017222975718751002
1882,ibm_brisbane,x,53,,0.0001446753402603993
1883,ibm_brisbane,x,54,,0.00025319616697906455
1884,ibm_brisbane,x,55,,0.00016344554483304724
1885,ibm_brisbane,x,56,,0.0001902589238968966
1886,ibm_brisbane,x,57,,0.0005622029081367398
1887,ibm_brisbane,x,58,,0.0001223044765955763
1888,ibm_brisbane,x,59,,0.00027869215732849364
1889,ibm_brisbane,x,60,,0.0003680251251876025
1890,ibm_brisbane,x,61,,0.0006646200464474226
1891,ibm_brisbane,x,62,,0.00022309896891817464
1892,ibm_brisbane,x,63,,0.00021756623727404732
1893,ibm_brisbane,x,64,,0.0002455299467463605
1894,ibm_brisbane,x,65,,0.00017294314743056588
1895,ibm_brisbane,x,66,,0.00021359355674367423
1896,ibm_brisbane,x,67,,0.0002486763384687587
1897,ibm_brisbane,x,68,,0.00016699572645827794
1898,ibm_brisbane,x,69,,0.00023728015452650065
1899,ibm_brisbane,x,70,,0.00014235367974735707
1900,ibm_brisbane,x,71,,0.00016742018149197688
1901,ibm_brisbane,x,72,,0.00015239122952749053
1902,ibm_brisbane,x,73,,0.0001992982124936753
1903,ibm_brisbane,x,74,,0.00024220636612801738
1904,ibm_brisbane,x,75,,0.0002329682299604695
1905,ibm_brisbane,x,76,,0.00018039450195182983
1906,ibm_brisbane,x,77,,0.00020407622374972087
1907,ibm_brisbane,x,78,,0.0001869507816945022
1908,ibm_brisbane,x,79,,0.00022007348833597457
1909,ibm_brisbane,x,80,,0.00010107116507641522
1910,ibm_brisbane,x,81,,0.00013926331035433624
1911,ibm_brisbane,x,82,,0.00025875416582940217
1912,ibm_brisbane,x,83,,0.0002454299202858201
1913,ibm_brisbane,x,84,,0.0001825199401104565
1914,ibm_brisbane,x,85,,0.00022228200827824698
1915,ibm_brisbane,x,86,,0.0002269873124743923
1916,ibm_brisbane,x,87,,0.0022033177930275297
1917,ibm_brisbane,x,88,,0.0002506075118274581
1918,ibm_brisbane,x,89,,0.00018508808074825154
1919,ibm_brisbane,x,90,,0.00042553683207668356
1920,ibm_brisbane,x,91,,0.005003215788657466
1921,ibm_brisbane,x,92,,0.00023837081679993475
1922,ibm_brisbane,x,93,,0.00043759644568405396
1923,ibm_brisbane,x,94,,0.0005014860717080444
1924,ibm_brisbane,x,95,,0.003341574684028205
1925,ibm_brisbane,x,96,,0.00022196883012658709
1926,ibm_brisbane,x,97,,0.00025193540365543666
1927,ibm_brisbane,x,98,,0.001187827759302044
1928,ibm_brisbane,x,99,,0.00013998428478376537
1929,ibm_brisbane,x,100,,0.00022122171270353244
1930,ibm_brisbane,x,101,,0.0010122711657394932
1931,ibm_brisbane,x,102,,0.00019469523556855638
1932,ibm_brisbane,x,103,,0.00021329916049083825
1933,ibm_brisbane,x,104,,0.00017015685145125995
1934,ibm_brisbane,x,105,,0.0003268113776730519
1935,ibm_brisbane,x,106,,0.00015582287719502355
1936,ibm_brisbane,x,107,,0.00022835302192526227
1937,ibm_brisbane,x,108,,0.00023006333573823143
1938,ibm_brisbane,x,109,,0.0002510396587055105
1939,ibm_brisbane,x,110,,0.0004024340008595451
1940,ibm_brisbane,x,111,,0.00016415366509908488
1941,ibm_brisbane,x,112,,0.0002017533376762527
1942,ibm_brisbane,x,113,,0.0002442033569171029
1943,ibm_brisbane,x,114,,0.00010906298833171723
1944,ibm_brisbane,x,115,,0.00026522753012956886
1945,ibm_brisbane,x,116,,0.00011790034801687578
1946,ibm_brisbane,x,117,,0.00023725338322195657
1947,ibm_brisbane,x,118,,0.00037519497662111327
1948,ibm_brisbane,x,119,,0.0002868983258286824
1949,ibm_brisbane,x,120,,0.0003534851861452882
1950,ibm_brisbane,x,121,,0.00027630608480946835
1951,ibm_brisbane,x,122,,0.00028605294020040073
1952,ibm_brisbane,x,123,,0.00044606714049858073
1953,ibm_brisbane,x,124,,0.0001749732542607975
1954,ibm_brisbane,x,125,,0.00031394375572835756
1955,ibm_brisbane,x,126,,0.0001488795467243086
